ticket_id,user_id,fecha,canal,tiempo_primera_respuesta_min,resuelto_en_conversacion,deriva_a_agente,tema_principal,subtema,sentimiento_usuario
WA0001,U1130,2023-06-24,whatsapp,6,no,si,cuenta,suspension_cuenta,neutro
WA0002,U0037,2023-07-11,whatsapp,15,no,si,facturacion,descarga_xml,negativo
WA0003,U1381,2023-12-12,whatsapp,12,si,no,facturacion,errores_sat,negativo
WA0004,U1522,2023-05-24,whatsapp,28,si,no,integraciones,pasarela_pago,positivo
WA0005,U0891,2023-02-28,whatsapp,13,si,no,facturacion,descarga_xml,neutro
WA0006,U1038,2023-04-26,whatsapp,20,si,no,configuracion,datos_empresa,negativo
WA0007,U1336,2023-08-04,whatsapp,6,si,no,pagos,disputa,positivo
WA0008,U0225,2023-08-14,whatsapp,18,si,no,reportes,estado_resultados,positivo
WA0009,U0754,2023-07-04,whatsapp,17,no,si,facturacion,factura_electronica_avanzada,negativo
WA0010,U1769,2023-06-14,whatsapp,15,si,si,facturacion,factura_electronica_avanzada,positivo
WA0011,U1630,2023-04-05,whatsapp,13,si,no,cuenta,cambio_plan,positivo
WA0012,U0276,2023-06-10,whatsapp,15,si,no,pagos,fallo_cobro,neutro
WA0013,U0704,2023-01-20,whatsapp,5,si,no,cuenta,reactivacion,positivo
WA0014,U1375,2023-09-29,whatsapp,34,si,no,cuenta,cambio_plan,neutro
WA0015,U1782,2023-03-11,whatsapp,17,si,no,cuenta,suspension_cuenta,neutro
WA0016,U0328,2024-02-16,whatsapp,30,si,no,configuracion,plan_cuentas,negativo
WA0017,U1453,2023-09-19,whatsapp,22,no,si,cuenta,cambio_plan,neutro
WA0018,U0585,2023-09-09,whatsapp,32,no,si,cuenta,reactivacion,neutro
WA0019,U0853,2023-11-10,whatsapp,15,no,si,pagos,fallo_cobro,positivo
WA0020,U0756,2024-02-29,whatsapp,8,no,si,pagos,disputa,neutro
WA0021,U0012,2024-02-09,whatsapp,19,no,si,pagos,fallo_cobro,neutro
WA0022,U0474,2023-01-06,whatsapp,21,si,no,reportes,exportar_excel,negativo
WA0023,U1152,2023-09-19,whatsapp,12,no,si,configuracion,onboarding_general,positivo
WA0024,U0490,2023-12-11,whatsapp,34,no,si,facturacion,errores_dian,neutro
WA0025,U0024,2023-03-15,whatsapp,4,si,no,configuracion,datos_empresa,positivo
WA0026,U0186,2023-02-05,whatsapp,10,no,si,facturacion,errores_dian,positivo
WA0027,U1170,2023-08-28,whatsapp,30,si,si,cuenta,reactivacion,neutro
WA0028,U1515,2024-01-12,whatsapp,21,si,no,facturacion,errores_dian,negativo
WA0029,U1299,2023-09-03,whatsapp,24,no,si,facturacion,factura_electronica_avanzada,positivo
WA0030,U0470,2023-10-11,whatsapp,12,si,no,facturacion,descarga_xml,positivo
WA0031,U1941,2023-08-23,whatsapp,8,no,si,configuracion,datos_empresa,neutro
WA0032,U1621,2024-03-01,whatsapp,12,no,si,facturacion,descarga_xml,positivo
WA0033,U0703,2023-05-31,whatsapp,12,si,no,configuracion,integracion_banco,positivo
WA0034,U1868,2023-11-20,whatsapp,31,si,no,pagos,fallo_cobro,neutro
WA0035,U1566,2023-03-21,whatsapp,11,si,no,facturacion,errores_sat,neutro
WA0036,U1423,2023-05-30,whatsapp,4,si,no,configuracion,plan_cuentas,positivo
WA0037,U1147,2023-01-26,whatsapp,13,si,no,facturacion,factura_electronica_avanzada,positivo
WA0038,U0726,2023-11-28,whatsapp,20,no,si,pagos,actualizacion_tarjeta,neutro
WA0039,U1612,2023-02-17,whatsapp,19,si,no,pagos,actualizacion_tarjeta,positivo
WA0040,U1303,2024-02-01,whatsapp,20,no,si,facturacion,factura_electronica_avanzada,positivo
WA0041,U0574,2023-09-12,whatsapp,8,si,si,integraciones,banco,neutro
WA0042,U1694,2023-03-15,whatsapp,21,no,si,configuracion,datos_empresa,neutro
WA0043,U1986,2023-07-29,whatsapp,9,si,no,configuracion,plan_cuentas,neutro
WA0044,U0346,2024-01-29,whatsapp,23,si,no,pagos,actualizacion_tarjeta,positivo
WA0045,U1291,2023-10-09,whatsapp,10,no,si,facturacion,errores_dian,neutro
WA0046,U0931,2023-12-07,whatsapp,10,no,si,facturacion,descarga_xml,negativo
WA0047,U1157,2023-03-11,whatsapp,12,no,si,integraciones,banco,neutro
WA0048,U0879,2023-08-01,whatsapp,26,si,no,integraciones,pasarela_pago,positivo
WA0049,U1216,2023-01-01,whatsapp,35,no,si,cuenta,reactivacion,positivo
WA0050,U1347,2023-08-20,whatsapp,20,si,no,pagos,disputa,negativo
WA0051,U0308,2023-07-10,whatsapp,4,si,si,cuenta,reactivacion,negativo
WA0052,U1635,2023-04-29,whatsapp,29,no,si,configuracion,plan_cuentas,negativo
WA0053,U0371,2023-02-20,whatsapp,21,si,no,facturacion,emision_factura,neutro
WA0054,U0674,2023-09-29,whatsapp,16,no,si,facturacion,factura_electronica_avanzada,negativo
WA0055,U0804,2023-04-22,whatsapp,12,si,no,configuracion,onboarding_general,negativo
WA0056,U1019,2023-05-25,whatsapp,33,si,no,facturacion,descarga_xml,neutro
WA0057,U0668,2023-03-15,whatsapp,9,si,no,facturacion,errores_sat,negativo
WA0058,U1040,2023-10-31,whatsapp,32,no,si,pagos,disputa,positivo
WA0059,U1718,2023-12-18,whatsapp,16,no,si,integraciones,pasarela_pago,neutro
WA0060,U0974,2024-02-17,whatsapp,15,no,si,reportes,exportar_excel,negativo
WA0061,U0336,2024-02-14,whatsapp,9,no,si,facturacion,descarga_xml,positivo
WA0062,U0848,2023-08-21,whatsapp,8,no,si,configuracion,plan_cuentas,negativo
WA0063,U1505,2023-09-02,whatsapp,6,si,no,reportes,flujo_caja,positivo
WA0064,U0449,2023-04-06,whatsapp,12,si,no,configuracion,integracion_banco,negativo
WA0065,U1208,2023-05-22,whatsapp,7,si,no,pagos,fallo_cobro,negativo
WA0066,U0700,2023-04-26,whatsapp,17,no,si,configuracion,integracion_banco,neutro
WA0067,U1941,2023-08-22,whatsapp,9,no,si,facturacion,descarga_xml,positivo
WA0068,U1666,2023-05-20,whatsapp,18,no,si,integraciones,banco,negativo
WA0069,U0453,2023-01-20,whatsapp,5,no,si,reportes,estado_resultados,positivo
WA0070,U0443,2023-11-24,whatsapp,7,si,no,facturacion,errores_dian,negativo
WA0071,U0453,2023-11-15,whatsapp,14,si,no,configuracion,datos_empresa,neutro
WA0072,U0291,2023-07-16,whatsapp,33,si,no,integraciones,banco,positivo
WA0073,U1405,2024-02-12,whatsapp,32,si,no,cuenta,cambio_plan,positivo
WA0074,U0005,2023-01-19,whatsapp,21,si,no,configuracion,plan_cuentas,neutro
WA0075,U1747,2023-11-28,whatsapp,28,no,si,cuenta,cambio_plan,positivo
WA0076,U1752,2023-07-30,whatsapp,12,no,si,integraciones,pasarela_pago,negativo
WA0077,U1116,2023-08-16,whatsapp,11,no,si,configuracion,integracion_banco,positivo
WA0078,U1652,2023-08-07,whatsapp,34,si,no,reportes,flujo_caja,positivo
WA0079,U0763,2023-03-07,whatsapp,33,si,no,pagos,actualizacion_tarjeta,positivo
WA0080,U0023,2023-05-12,whatsapp,3,no,si,facturacion,errores_sat,negativo
WA0081,U0474,2024-02-04,whatsapp,35,no,si,facturacion,descarga_xml,positivo
WA0082,U0306,2024-02-11,whatsapp,11,si,si,integraciones,pasarela_pago,positivo
WA0083,U1019,2023-09-05,whatsapp,35,no,si,configuracion,integracion_banco,positivo
WA0084,U1058,2023-03-31,whatsapp,26,si,no,configuracion,datos_empresa,negativo
WA0085,U1132,2023-11-25,whatsapp,3,no,si,facturacion,errores_sat,negativo
WA0086,U0368,2023-12-14,whatsapp,22,si,no,facturacion,descarga_xml,positivo
WA0087,U0969,2023-12-24,whatsapp,26,no,si,configuracion,plan_cuentas,negativo
WA0088,U0727,2023-09-12,whatsapp,6,si,no,pagos,fallo_cobro,positivo
WA0089,U1170,2023-03-31,whatsapp,15,no,si,integraciones,pasarela_pago,positivo
WA0090,U1276,2023-10-23,whatsapp,10,si,no,reportes,flujo_caja,neutro
WA0091,U0522,2023-10-22,whatsapp,26,no,si,cuenta,reactivacion,neutro
WA0092,U0430,2023-06-11,whatsapp,19,no,si,integraciones,pasarela_pago,negativo
WA0093,U0936,2023-01-14,whatsapp,23,si,no,pagos,fallo_cobro,neutro
WA0094,U1737,2023-07-18,whatsapp,23,no,si,reportes,flujo_caja,neutro
WA0095,U1217,2024-02-26,whatsapp,19,no,si,facturacion,factura_electronica_avanzada,negativo
WA0096,U0160,2023-12-26,whatsapp,30,si,no,facturacion,emision_factura,neutro
WA0097,U0095,2023-01-15,whatsapp,8,no,si,reportes,flujo_caja,negativo
WA0098,U1929,2023-12-09,whatsapp,5,si,no,facturacion,errores_sat,neutro
WA0099,U0881,2023-06-07,whatsapp,11,si,no,facturacion,errores_dian,positivo
WA0100,U0061,2023-11-05,whatsapp,22,si,si,cuenta,cambio_plan,neutro
WA0101,U0381,2023-11-21,whatsapp,9,si,si,facturacion,errores_dian,positivo
WA0102,U1666,2023-11-28,whatsapp,4,no,si,facturacion,errores_sat,neutro
WA0103,U0825,2023-06-20,whatsapp,19,si,no,configuracion,integracion_banco,negativo
WA0104,U0655,2023-08-01,whatsapp,17,si,si,cuenta,suspension_cuenta,negativo
WA0105,U1341,2023-04-01,whatsapp,29,si,si,pagos,actualizacion_tarjeta,neutro
WA0106,U1006,2023-03-20,whatsapp,6,no,si,integraciones,banco,neutro
WA0107,U0204,2023-05-27,whatsapp,15,no,si,configuracion,onboarding_general,positivo
WA0108,U0364,2023-09-19,whatsapp,35,no,si,cuenta,cambio_plan,negativo
WA0109,U0928,2023-01-21,whatsapp,4,si,no,pagos,fallo_cobro,neutro
WA0110,U0264,2023-04-25,whatsapp,33,si,no,reportes,flujo_caja,positivo
WA0111,U0215,2023-04-25,whatsapp,30,si,no,reportes,flujo_caja,neutro
WA0112,U1842,2023-09-28,whatsapp,32,si,no,facturacion,factura_electronica_avanzada,positivo
WA0113,U1320,2024-02-15,whatsapp,32,no,si,configuracion,datos_empresa,positivo
WA0114,U1970,2023-12-10,whatsapp,34,si,no,configuracion,onboarding_general,positivo
WA0115,U1558,2023-05-09,whatsapp,14,no,si,reportes,balance_general,positivo
WA0116,U1524,2023-08-25,whatsapp,34,no,si,facturacion,emision_factura,neutro
WA0117,U0186,2023-05-12,whatsapp,15,si,si,pagos,actualizacion_tarjeta,neutro
WA0118,U1322,2023-11-09,whatsapp,22,no,si,facturacion,emision_factura,negativo
WA0119,U1569,2023-03-10,whatsapp,16,no,si,cuenta,suspension_cuenta,negativo
WA0120,U1427,2023-12-16,whatsapp,27,si,no,integraciones,pasarela_pago,positivo
WA0121,U0458,2023-05-13,whatsapp,34,si,no,facturacion,errores_sat,negativo
WA0122,U0131,2023-05-26,whatsapp,31,no,si,configuracion,onboarding_general,negativo
WA0123,U0997,2023-04-23,whatsapp,13,no,si,facturacion,errores_dian,positivo
WA0124,U1808,2023-08-03,whatsapp,7,si,no,facturacion,errores_dian,positivo
WA0125,U0238,2024-01-09,whatsapp,32,no,si,facturacion,descarga_xml,negativo
WA0126,U1435,2023-07-24,whatsapp,10,si,no,configuracion,plan_cuentas,neutro
WA0127,U0081,2024-01-29,whatsapp,24,no,si,configuracion,onboarding_general,positivo
WA0128,U0920,2023-03-21,whatsapp,34,si,no,reportes,flujo_caja,negativo
WA0129,U0539,2023-03-01,whatsapp,17,no,si,facturacion,errores_sat,neutro
WA0130,U0012,2023-12-09,whatsapp,9,no,si,pagos,fallo_cobro,negativo
WA0131,U1130,2023-11-25,whatsapp,11,si,no,facturacion,errores_sat,positivo
WA0132,U1567,2023-04-25,whatsapp,16,no,si,facturacion,errores_dian,negativo
WA0133,U0086,2023-04-21,whatsapp,35,si,no,facturacion,errores_dian,positivo
WA0134,U0841,2023-03-13,whatsapp,35,si,no,configuracion,plan_cuentas,neutro
WA0135,U1693,2023-03-01,whatsapp,31,no,si,cuenta,cambio_plan,neutro
WA0136,U0683,2023-10-05,whatsapp,27,si,no,facturacion,emision_factura,neutro
WA0137,U0317,2023-08-31,whatsapp,35,si,si,pagos,disputa,negativo
WA0138,U1670,2023-08-03,whatsapp,26,no,si,cuenta,cambio_plan,positivo
WA0139,U1086,2023-01-29,whatsapp,29,no,si,cuenta,reactivacion,negativo
WA0140,U0324,2023-03-05,whatsapp,9,si,si,pagos,fallo_cobro,positivo
WA0141,U1755,2023-02-26,whatsapp,24,si,no,pagos,disputa,positivo
WA0142,U0909,2024-01-22,whatsapp,9,si,no,cuenta,suspension_cuenta,neutro
WA0143,U1295,2023-10-02,whatsapp,7,si,no,facturacion,errores_dian,neutro
WA0144,U0520,2023-08-19,whatsapp,28,no,si,pagos,actualizacion_tarjeta,negativo
WA0145,U0089,2024-02-17,whatsapp,35,si,no,configuracion,onboarding_general,neutro
WA0146,U1753,2024-02-25,whatsapp,5,si,no,facturacion,factura_electronica_avanzada,neutro
WA0147,U1082,2023-10-04,whatsapp,21,no,si,pagos,actualizacion_tarjeta,negativo
WA0148,U1731,2023-01-01,whatsapp,28,si,no,reportes,balance_general,neutro
WA0149,U0750,2023-11-02,whatsapp,22,si,no,facturacion,factura_electronica_avanzada,neutro
WA0150,U1265,2023-01-10,whatsapp,14,no,si,pagos,actualizacion_tarjeta,neutro
WA0151,U0398,2023-01-27,whatsapp,35,no,si,configuracion,datos_empresa,positivo
WA0152,U1188,2023-04-23,whatsapp,16,si,no,cuenta,reactivacion,positivo
WA0153,U0289,2023-10-16,whatsapp,34,no,si,configuracion,onboarding_general,positivo
WA0154,U1594,2023-03-15,whatsapp,31,no,si,facturacion,errores_sat,positivo
WA0155,U0452,2023-05-08,whatsapp,11,no,si,configuracion,onboarding_general,negativo
WA0156,U1599,2023-12-20,whatsapp,4,si,no,facturacion,errores_dian,positivo
WA0157,U0200,2023-03-07,whatsapp,10,si,si,pagos,actualizacion_tarjeta,positivo
WA0158,U0557,2023-06-08,whatsapp,35,no,si,facturacion,errores_dian,negativo
WA0159,U1430,2023-02-07,whatsapp,4,no,si,facturacion,factura_electronica_avanzada,positivo
WA0160,U0008,2023-09-11,whatsapp,9,si,no,integraciones,pasarela_pago,neutro
WA0161,U0031,2023-11-14,whatsapp,24,no,si,integraciones,pasarela_pago,negativo
WA0162,U0807,2023-01-06,whatsapp,31,si,no,facturacion,emision_factura,positivo
WA0163,U0365,2023-12-12,whatsapp,22,si,no,facturacion,errores_sat,positivo
WA0164,U1139,2023-06-25,whatsapp,30,no,si,cuenta,suspension_cuenta,negativo
WA0165,U1550,2023-06-08,whatsapp,15,si,no,configuracion,datos_empresa,positivo
WA0166,U1229,2023-01-09,whatsapp,19,si,si,configuracion,integracion_banco,neutro
WA0167,U0871,2023-08-08,whatsapp,32,si,no,configuracion,plan_cuentas,positivo
WA0168,U0423,2024-01-26,whatsapp,12,si,no,pagos,actualizacion_tarjeta,neutro
WA0169,U0727,2023-04-08,whatsapp,8,no,si,cuenta,cambio_plan,neutro
WA0170,U1409,2023-09-26,whatsapp,33,no,si,pagos,fallo_cobro,negativo
WA0171,U0780,2023-02-27,whatsapp,35,si,si,pagos,disputa,positivo
WA0172,U1429,2024-02-25,whatsapp,17,no,si,facturacion,descarga_xml,negativo
WA0173,U1599,2023-04-29,whatsapp,8,si,no,configuracion,plan_cuentas,positivo
WA0174,U0060,2023-09-18,whatsapp,14,si,no,integraciones,pasarela_pago,neutro
WA0175,U1170,2023-08-10,whatsapp,22,no,si,integraciones,pasarela_pago,negativo
WA0176,U0437,2023-03-18,whatsapp,18,si,no,pagos,disputa,neutro
WA0177,U1238,2023-03-26,whatsapp,8,si,no,cuenta,reactivacion,positivo
WA0178,U0826,2023-12-17,whatsapp,21,si,no,reportes,estado_resultados,negativo
WA0179,U0517,2023-07-09,whatsapp,4,no,si,pagos,actualizacion_tarjeta,neutro
WA0180,U1365,2023-09-26,whatsapp,13,si,si,pagos,disputa,neutro
WA0181,U0409,2023-05-22,whatsapp,17,no,si,configuracion,datos_empresa,positivo
WA0182,U0695,2023-10-14,whatsapp,6,si,si,facturacion,factura_electronica_avanzada,neutro
WA0183,U0974,2023-08-12,whatsapp,6,si,no,facturacion,errores_dian,positivo
WA0184,U1388,2023-08-02,whatsapp,23,si,no,pagos,fallo_cobro,positivo
WA0185,U0609,2023-05-07,whatsapp,4,no,si,facturacion,errores_sat,positivo
WA0186,U1843,2023-07-21,whatsapp,27,no,si,facturacion,errores_dian,negativo
WA0187,U0447,2023-02-06,whatsapp,16,no,si,configuracion,plan_cuentas,neutro
WA0188,U0979,2023-07-12,whatsapp,27,no,si,reportes,estado_resultados,neutro
WA0189,U1491,2023-09-04,whatsapp,14,si,no,cuenta,suspension_cuenta,neutro
WA0190,U0639,2024-02-05,whatsapp,7,si,no,configuracion,integracion_banco,negativo
WA0191,U1983,2024-02-06,whatsapp,9,si,no,facturacion,emision_factura,positivo
WA0192,U1710,2024-01-01,whatsapp,32,si,no,pagos,disputa,negativo
WA0193,U1723,2023-09-16,whatsapp,7,no,si,integraciones,banco,neutro
WA0194,U1130,2023-03-04,whatsapp,14,no,si,configuracion,datos_empresa,neutro
WA0195,U0603,2023-01-19,whatsapp,30,si,si,facturacion,factura_electronica_avanzada,negativo
WA0196,U1031,2023-05-17,whatsapp,7,si,si,facturacion,emision_factura,negativo
WA0197,U0793,2023-06-27,whatsapp,28,no,si,reportes,flujo_caja,negativo
WA0198,U0143,2023-04-04,whatsapp,4,si,no,pagos,disputa,positivo
WA0199,U0991,2023-09-14,whatsapp,29,no,si,facturacion,descarga_xml,positivo
WA0200,U0861,2023-10-25,whatsapp,27,no,si,cuenta,cambio_plan,positivo
WA0201,U0491,2023-04-09,whatsapp,27,si,si,configuracion,plan_cuentas,neutro
WA0202,U0148,2023-04-17,whatsapp,33,si,no,configuracion,plan_cuentas,negativo
WA0203,U0672,2023-05-31,whatsapp,17,si,si,facturacion,emision_factura,positivo
WA0204,U1117,2024-02-14,whatsapp,29,si,no,pagos,actualizacion_tarjeta,positivo
WA0205,U1674,2023-01-25,whatsapp,24,no,si,facturacion,errores_dian,negativo
WA0206,U1530,2024-02-11,whatsapp,4,no,si,integraciones,api_externa,positivo
WA0207,U1140,2023-09-20,whatsapp,5,no,si,reportes,exportar_excel,positivo
WA0208,U1311,2023-12-01,whatsapp,35,si,si,reportes,estado_resultados,positivo
WA0209,U1940,2023-07-11,whatsapp,34,si,no,configuracion,integracion_banco,neutro
WA0210,U1361,2024-02-23,whatsapp,5,si,no,integraciones,pasarela_pago,positivo
WA0211,U1800,2023-02-17,whatsapp,19,no,si,reportes,exportar_excel,negativo
WA0212,U1762,2023-12-03,whatsapp,9,no,si,configuracion,datos_empresa,negativo
WA0213,U1915,2023-07-07,whatsapp,19,no,si,reportes,estado_resultados,negativo
WA0214,U1645,2023-02-14,whatsapp,7,no,si,reportes,estado_resultados,negativo
WA0215,U0796,2024-01-26,whatsapp,22,si,no,configuracion,onboarding_general,positivo
WA0216,U0477,2023-05-31,whatsapp,12,si,si,configuracion,onboarding_general,negativo
WA0217,U1642,2023-07-22,whatsapp,30,no,si,pagos,fallo_cobro,negativo
WA0218,U1912,2023-06-29,whatsapp,28,no,si,facturacion,descarga_xml,negativo
WA0219,U1222,2023-07-16,whatsapp,22,no,si,configuracion,integracion_banco,negativo
WA0220,U0856,2023-01-15,whatsapp,7,si,no,integraciones,pasarela_pago,positivo
WA0221,U0197,2023-05-26,whatsapp,33,si,no,cuenta,cambio_plan,positivo
WA0222,U0935,2023-11-03,whatsapp,34,no,si,integraciones,api_externa,positivo
WA0223,U0230,2024-02-26,whatsapp,30,no,si,pagos,actualizacion_tarjeta,neutro
WA0224,U0764,2024-02-12,whatsapp,12,si,no,configuracion,integracion_banco,positivo
WA0225,U1192,2023-12-21,whatsapp,20,si,no,reportes,exportar_excel,negativo
WA0226,U1411,2023-10-13,whatsapp,4,no,si,pagos,actualizacion_tarjeta,positivo
WA0227,U0622,2023-07-11,whatsapp,32,no,si,configuracion,onboarding_general,negativo
WA0228,U1664,2024-01-05,whatsapp,32,si,si,configuracion,integracion_banco,neutro
WA0229,U1184,2023-11-01,whatsapp,33,no,si,configuracion,onboarding_general,negativo
WA0230,U0172,2023-04-07,whatsapp,4,si,no,facturacion,errores_sat,negativo
WA0231,U1788,2023-07-26,whatsapp,16,no,si,facturacion,factura_electronica_avanzada,positivo
WA0232,U1234,2023-09-13,whatsapp,16,no,si,pagos,actualizacion_tarjeta,positivo
WA0233,U0950,2023-12-15,whatsapp,27,no,si,cuenta,reactivacion,negativo
WA0234,U1024,2023-02-25,whatsapp,8,no,si,configuracion,plan_cuentas,positivo
WA0235,U1190,2023-08-10,whatsapp,9,no,si,reportes,flujo_caja,negativo
WA0236,U1717,2023-06-26,whatsapp,10,si,no,configuracion,plan_cuentas,negativo
WA0237,U0580,2024-02-25,whatsapp,20,si,no,reportes,flujo_caja,negativo
WA0238,U1775,2023-04-04,whatsapp,30,no,si,reportes,flujo_caja,negativo
WA0239,U0333,2024-01-31,whatsapp,32,no,si,configuracion,plan_cuentas,positivo
WA0240,U1659,2024-02-20,whatsapp,14,si,no,configuracion,datos_empresa,neutro
WA0241,U1632,2023-09-22,whatsapp,14,si,no,configuracion,datos_empresa,negativo
WA0242,U1818,2023-01-24,whatsapp,5,si,no,reportes,estado_resultados,neutro
WA0243,U0247,2023-07-09,whatsapp,30,no,si,integraciones,pasarela_pago,neutro
WA0244,U1651,2023-01-08,whatsapp,7,si,si,configuracion,onboarding_general,neutro
WA0245,U0600,2023-02-10,whatsapp,27,si,no,integraciones,api_externa,positivo
WA0246,U0884,2023-11-24,whatsapp,28,si,no,configuracion,plan_cuentas,positivo
WA0247,U0534,2023-06-17,whatsapp,26,si,no,pagos,disputa,negativo
WA0248,U0688,2023-11-13,whatsapp,14,si,si,pagos,fallo_cobro,positivo
WA0249,U0789,2024-02-11,whatsapp,25,no,si,reportes,flujo_caja,neutro
WA0250,U0627,2023-11-25,whatsapp,10,si,no,facturacion,factura_electronica_avanzada,neutro
WA0251,U0006,2023-04-18,whatsapp,21,no,si,facturacion,descarga_xml,negativo
WA0252,U1905,2023-10-09,whatsapp,32,no,si,facturacion,descarga_xml,positivo
WA0253,U1710,2024-01-06,whatsapp,30,si,si,integraciones,banco,negativo
WA0254,U1646,2024-01-03,whatsapp,10,no,si,reportes,estado_resultados,positivo
WA0255,U1958,2023-08-11,whatsapp,33,si,no,facturacion,errores_dian,neutro
WA0256,U1808,2023-07-23,whatsapp,26,no,si,configuracion,datos_empresa,neutro
WA0257,U0851,2023-07-03,whatsapp,9,no,si,configuracion,integracion_banco,neutro
WA0258,U0343,2024-01-25,whatsapp,12,no,si,pagos,fallo_cobro,neutro
WA0259,U1769,2023-02-02,whatsapp,4,si,no,facturacion,errores_dian,positivo
WA0260,U1170,2023-07-15,whatsapp,18,no,si,facturacion,factura_electronica_avanzada,positivo
WA0261,U0604,2023-09-29,whatsapp,7,no,si,configuracion,plan_cuentas,positivo
WA0262,U0910,2023-06-04,whatsapp,3,no,si,configuracion,onboarding_general,negativo
WA0263,U0637,2023-06-09,whatsapp,21,no,si,integraciones,api_externa,negativo
WA0264,U0772,2023-08-08,whatsapp,27,si,si,configuracion,datos_empresa,positivo
WA0265,U0483,2023-10-26,whatsapp,14,no,si,facturacion,factura_electronica_avanzada,neutro
WA0266,U0788,2023-02-12,whatsapp,5,no,si,facturacion,emision_factura,positivo
WA0267,U1744,2024-02-17,whatsapp,35,no,si,cuenta,reactivacion,positivo
WA0268,U1370,2023-09-01,whatsapp,5,no,si,configuracion,datos_empresa,neutro
WA0269,U1270,2023-04-25,whatsapp,16,no,si,facturacion,emision_factura,positivo
WA0270,U1284,2023-09-19,whatsapp,8,si,si,pagos,disputa,negativo
WA0271,U1231,2023-05-05,whatsapp,3,si,no,facturacion,factura_electronica_avanzada,positivo
WA0272,U0126,2024-01-31,whatsapp,25,si,no,facturacion,factura_electronica_avanzada,neutro
WA0273,U0807,2023-06-29,whatsapp,29,si,no,facturacion,errores_sat,neutro
WA0274,U1893,2023-06-21,whatsapp,4,no,si,cuenta,cambio_plan,positivo
WA0275,U0112,2023-02-19,whatsapp,25,no,si,reportes,estado_resultados,positivo
WA0276,U0542,2023-10-27,whatsapp,14,no,si,facturacion,errores_dian,positivo
WA0277,U1521,2023-07-24,whatsapp,30,no,si,cuenta,reactivacion,negativo
WA0278,U0363,2023-12-22,whatsapp,11,si,si,configuracion,integracion_banco,neutro
WA0279,U0569,2024-02-24,whatsapp,27,si,no,cuenta,suspension_cuenta,positivo
WA0280,U1803,2023-06-22,whatsapp,10,si,no,facturacion,emision_factura,neutro
WA0281,U0350,2023-05-24,whatsapp,25,si,no,configuracion,plan_cuentas,positivo
WA0282,U1308,2023-01-20,whatsapp,29,si,si,cuenta,suspension_cuenta,neutro
WA0283,U1882,2023-02-26,whatsapp,15,si,si,pagos,actualizacion_tarjeta,negativo
WA0284,U0307,2023-05-16,whatsapp,12,no,si,pagos,disputa,negativo
WA0285,U0951,2023-01-31,whatsapp,17,si,no,configuracion,plan_cuentas,positivo
WA0286,U0053,2023-09-10,whatsapp,14,no,si,configuracion,plan_cuentas,neutro
WA0287,U1434,2023-05-15,whatsapp,30,no,si,cuenta,cambio_plan,neutro
WA0288,U1811,2024-02-19,whatsapp,7,no,si,pagos,fallo_cobro,neutro
WA0289,U0294,2023-02-13,whatsapp,17,si,no,configuracion,datos_empresa,positivo
WA0290,U0190,2023-07-17,whatsapp,33,si,no,facturacion,errores_dian,positivo
WA0291,U1610,2023-03-26,whatsapp,29,si,no,facturacion,factura_electronica_avanzada,positivo
WA0292,U0383,2023-01-10,whatsapp,8,si,no,facturacion,factura_electronica_avanzada,positivo
WA0293,U1655,2024-03-01,whatsapp,19,no,si,pagos,fallo_cobro,negativo
WA0294,U1388,2023-02-05,whatsapp,13,si,no,facturacion,errores_sat,neutro
WA0295,U0293,2023-10-18,whatsapp,33,no,si,configuracion,integracion_banco,positivo
WA0296,U1873,2024-01-19,whatsapp,5,si,si,configuracion,integracion_banco,neutro
WA0297,U0047,2024-01-15,whatsapp,3,si,si,pagos,disputa,neutro
WA0298,U0875,2023-05-25,whatsapp,13,no,si,pagos,disputa,positivo
WA0299,U1811,2023-08-25,whatsapp,26,si,no,cuenta,cambio_plan,neutro
WA0300,U0135,2023-04-07,whatsapp,23,no,si,cuenta,suspension_cuenta,positivo
WA0301,U1465,2023-08-24,whatsapp,19,si,no,configuracion,datos_empresa,negativo
WA0302,U0735,2023-05-10,whatsapp,20,no,si,integraciones,banco,positivo
WA0303,U0085,2023-03-31,whatsapp,26,no,si,integraciones,api_externa,negativo
WA0304,U1873,2023-02-02,whatsapp,3,si,no,integraciones,banco,neutro
WA0305,U0003,2023-09-25,whatsapp,31,si,no,facturacion,factura_electronica_avanzada,negativo
WA0306,U1610,2024-02-07,whatsapp,30,si,si,integraciones,pasarela_pago,neutro
WA0307,U1394,2023-03-10,whatsapp,24,si,si,cuenta,reactivacion,positivo
WA0308,U1048,2024-01-24,whatsapp,10,no,si,pagos,disputa,positivo
WA0309,U0389,2023-03-08,whatsapp,20,si,no,pagos,fallo_cobro,positivo
WA0310,U1886,2023-12-06,whatsapp,10,no,si,facturacion,factura_electronica_avanzada,neutro
WA0311,U1783,2024-02-09,whatsapp,33,si,si,configuracion,plan_cuentas,positivo
WA0312,U1147,2023-12-21,whatsapp,8,no,si,pagos,disputa,positivo
WA0313,U1383,2023-02-07,whatsapp,27,si,no,configuracion,onboarding_general,negativo
WA0314,U0699,2023-03-01,whatsapp,27,si,no,facturacion,emision_factura,positivo
WA0315,U1957,2023-08-06,whatsapp,7,no,si,cuenta,suspension_cuenta,positivo
WA0316,U1338,2023-05-20,whatsapp,21,si,no,facturacion,descarga_xml,negativo
WA0317,U1890,2023-08-26,whatsapp,10,no,si,facturacion,errores_dian,negativo
WA0318,U0999,2023-04-12,whatsapp,4,no,si,configuracion,plan_cuentas,positivo
WA0319,U1340,2023-10-16,whatsapp,16,si,no,facturacion,factura_electronica_avanzada,negativo
WA0320,U1482,2024-02-27,whatsapp,26,no,si,cuenta,suspension_cuenta,positivo
WA0321,U0464,2023-02-05,whatsapp,29,no,si,configuracion,onboarding_general,positivo
WA0322,U0502,2023-04-04,whatsapp,20,si,no,configuracion,integracion_banco,neutro
WA0323,U1130,2023-09-22,whatsapp,15,no,si,configuracion,integracion_banco,neutro
WA0324,U0324,2024-01-25,whatsapp,6,si,si,cuenta,suspension_cuenta,neutro
WA0325,U1124,2023-12-14,whatsapp,20,si,si,pagos,disputa,neutro
WA0326,U0648,2023-08-02,whatsapp,21,no,si,configuracion,plan_cuentas,negativo
WA0327,U1759,2023-03-25,whatsapp,19,si,no,facturacion,descarga_xml,negativo
WA0328,U0823,2023-06-03,whatsapp,26,no,si,cuenta,reactivacion,positivo
WA0329,U0805,2023-09-23,whatsapp,22,si,no,configuracion,integracion_banco,neutro
WA0330,U0012,2023-11-17,whatsapp,4,si,no,pagos,actualizacion_tarjeta,positivo
WA0331,U1333,2023-04-08,whatsapp,15,no,si,cuenta,suspension_cuenta,negativo
WA0332,U1660,2023-07-01,whatsapp,30,no,si,configuracion,plan_cuentas,neutro
WA0333,U1100,2023-08-08,whatsapp,10,si,no,configuracion,integracion_banco,positivo
WA0334,U0222,2023-05-05,whatsapp,30,no,si,cuenta,cambio_plan,neutro
WA0335,U0682,2023-10-04,whatsapp,5,no,si,configuracion,datos_empresa,neutro
WA0336,U0636,2023-01-24,whatsapp,21,no,si,cuenta,suspension_cuenta,positivo
WA0337,U0483,2024-02-18,whatsapp,10,si,no,reportes,exportar_excel,positivo
WA0338,U0459,2023-04-04,whatsapp,13,no,si,configuracion,integracion_banco,negativo
WA0339,U1867,2023-04-25,whatsapp,17,si,si,pagos,fallo_cobro,negativo
WA0340,U1796,2023-04-05,whatsapp,17,si,si,pagos,fallo_cobro,neutro
WA0341,U1176,2023-12-03,whatsapp,11,no,si,facturacion,factura_electronica_avanzada,positivo
WA0342,U1095,2023-10-21,whatsapp,7,no,si,configuracion,datos_empresa,neutro
WA0343,U0176,2023-11-09,whatsapp,4,si,no,facturacion,descarga_xml,negativo
WA0344,U1281,2023-10-22,whatsapp,29,no,si,integraciones,api_externa,positivo
WA0345,U1849,2023-04-22,whatsapp,5,no,si,configuracion,integracion_banco,neutro
WA0346,U1056,2023-09-27,whatsapp,24,no,si,facturacion,descarga_xml,negativo
WA0347,U1697,2023-05-21,whatsapp,23,si,no,facturacion,errores_sat,negativo
WA0348,U1737,2023-09-02,whatsapp,16,si,si,facturacion,emision_factura,positivo
WA0349,U0203,2023-07-15,whatsapp,28,no,si,facturacion,errores_dian,negativo
WA0350,U0362,2023-07-07,whatsapp,18,no,si,pagos,fallo_cobro,negativo
WA0351,U1298,2023-09-27,whatsapp,8,no,si,facturacion,emision_factura,positivo
WA0352,U0279,2023-10-28,whatsapp,25,si,no,pagos,fallo_cobro,neutro
WA0353,U1503,2023-12-03,whatsapp,21,si,no,configuracion,integracion_banco,neutro
WA0354,U0923,2023-01-23,whatsapp,34,si,no,integraciones,pasarela_pago,neutro
WA0355,U0400,2024-01-27,whatsapp,32,no,si,facturacion,errores_sat,positivo
WA0356,U0491,2023-06-14,whatsapp,25,no,si,configuracion,plan_cuentas,positivo
WA0357,U1395,2023-10-02,whatsapp,22,si,si,configuracion,datos_empresa,neutro
WA0358,U0629,2024-02-05,whatsapp,3,no,si,cuenta,suspension_cuenta,neutro
WA0359,U0780,2023-02-25,whatsapp,17,si,no,facturacion,emision_factura,neutro
WA0360,U1779,2023-07-09,whatsapp,22,si,no,configuracion,integracion_banco,positivo
WA0361,U0016,2023-10-10,whatsapp,19,si,no,integraciones,pasarela_pago,negativo
WA0362,U1856,2023-07-13,whatsapp,32,no,si,configuracion,integracion_banco,negativo
WA0363,U1563,2023-02-04,whatsapp,13,si,no,cuenta,cambio_plan,positivo
WA0364,U0367,2023-11-10,whatsapp,4,no,si,facturacion,emision_factura,positivo
WA0365,U0989,2023-08-09,whatsapp,13,no,si,pagos,fallo_cobro,positivo
WA0366,U0303,2024-01-17,whatsapp,9,si,no,facturacion,errores_dian,positivo
WA0367,U0357,2023-04-06,whatsapp,4,si,no,cuenta,suspension_cuenta,neutro
WA0368,U1122,2023-12-01,whatsapp,26,si,no,configuracion,onboarding_general,positivo
WA0369,U1465,2023-05-03,whatsapp,31,si,no,integraciones,banco,positivo
WA0370,U0204,2023-11-23,whatsapp,16,si,no,configuracion,onboarding_general,neutro
WA0371,U1053,2023-10-31,whatsapp,26,si,si,integraciones,banco,positivo
WA0372,U0653,2023-05-07,whatsapp,23,si,no,reportes,balance_general,positivo
WA0373,U0216,2023-05-30,whatsapp,18,si,no,facturacion,descarga_xml,positivo
WA0374,U0588,2023-05-01,whatsapp,3,no,si,configuracion,integracion_banco,neutro
WA0375,U0873,2023-05-15,whatsapp,10,no,si,facturacion,errores_sat,positivo
WA0376,U1656,2023-12-20,whatsapp,6,no,si,integraciones,pasarela_pago,positivo
WA0377,U1600,2023-09-12,whatsapp,24,no,si,reportes,balance_general,positivo
WA0378,U1959,2023-07-02,whatsapp,4,si,no,configuracion,onboarding_general,neutro
WA0379,U0681,2023-05-20,whatsapp,25,si,no,integraciones,pasarela_pago,positivo
WA0380,U1873,2023-11-05,whatsapp,27,si,no,pagos,actualizacion_tarjeta,neutro
WA0381,U1486,2023-09-15,whatsapp,6,no,si,configuracion,integracion_banco,neutro
WA0382,U1864,2023-06-10,whatsapp,6,si,si,facturacion,errores_dian,negativo
WA0383,U0374,2023-08-23,whatsapp,26,si,no,integraciones,banco,negativo
WA0384,U0364,2023-10-29,whatsapp,24,no,si,configuracion,plan_cuentas,neutro
WA0385,U0461,2023-06-03,whatsapp,5,si,no,configuracion,datos_empresa,negativo
WA0386,U1708,2024-02-03,whatsapp,21,si,no,facturacion,errores_dian,neutro
WA0387,U0437,2023-01-11,whatsapp,30,si,no,cuenta,reactivacion,neutro
WA0388,U0851,2023-07-12,whatsapp,6,si,no,configuracion,plan_cuentas,negativo
WA0389,U1178,2023-01-21,whatsapp,19,si,no,facturacion,errores_sat,negativo
WA0390,U0396,2023-02-11,whatsapp,16,si,no,facturacion,emision_factura,neutro
WA0391,U0241,2023-12-16,whatsapp,5,si,no,facturacion,factura_electronica_avanzada,positivo
WA0392,U0069,2023-08-17,whatsapp,34,no,si,reportes,balance_general,negativo
WA0393,U1416,2023-07-26,whatsapp,31,no,si,integraciones,api_externa,negativo
WA0394,U1929,2023-08-09,whatsapp,35,no,si,facturacion,errores_sat,negativo
WA0395,U1922,2023-02-15,whatsapp,30,si,no,facturacion,factura_electronica_avanzada,positivo
WA0396,U0369,2023-09-09,whatsapp,11,no,si,reportes,balance_general,positivo
WA0397,U1870,2023-05-18,whatsapp,6,si,no,reportes,exportar_excel,positivo
WA0398,U1274,2023-09-22,whatsapp,19,si,no,pagos,fallo_cobro,neutro
WA0399,U1671,2023-04-20,whatsapp,34,si,no,configuracion,datos_empresa,negativo
WA0400,U0689,2024-01-30,whatsapp,17,no,si,configuracion,onboarding_general,neutro
WA0401,U0313,2023-01-10,whatsapp,5,si,si,facturacion,emision_factura,positivo
WA0402,U1476,2023-11-08,whatsapp,11,si,no,cuenta,reactivacion,positivo
WA0403,U0227,2023-09-09,whatsapp,17,no,si,configuracion,onboarding_general,neutro
WA0404,U0102,2023-06-26,whatsapp,9,no,si,facturacion,descarga_xml,negativo
WA0405,U1895,2023-07-12,whatsapp,8,si,no,configuracion,onboarding_general,positivo
WA0406,U0844,2023-09-11,whatsapp,33,no,si,facturacion,errores_dian,neutro
WA0407,U1432,2023-02-15,whatsapp,8,si,no,integraciones,banco,neutro
WA0408,U0805,2023-05-22,whatsapp,9,si,no,reportes,exportar_excel,negativo
WA0409,U1078,2023-10-31,whatsapp,25,no,si,facturacion,errores_dian,positivo
WA0410,U0694,2024-01-17,whatsapp,16,si,no,reportes,balance_general,positivo
WA0411,U1590,2023-04-29,whatsapp,31,si,no,configuracion,plan_cuentas,negativo
WA0412,U1018,2023-04-12,whatsapp,19,si,no,reportes,balance_general,neutro
WA0413,U0052,2024-01-25,whatsapp,4,no,si,facturacion,errores_sat,positivo
WA0414,U1619,2023-02-06,whatsapp,11,si,no,facturacion,descarga_xml,negativo
WA0415,U0273,2023-07-11,whatsapp,26,no,si,configuracion,integracion_banco,positivo
WA0416,U0228,2023-02-19,whatsapp,11,no,si,configuracion,onboarding_general,positivo
WA0417,U0992,2024-01-12,whatsapp,14,no,si,configuracion,plan_cuentas,positivo
WA0418,U1454,2023-11-15,whatsapp,19,si,no,facturacion,descarga_xml,neutro
WA0419,U1154,2023-12-10,whatsapp,8,si,no,configuracion,integracion_banco,neutro
WA0420,U0604,2024-01-24,whatsapp,35,no,si,cuenta,cambio_plan,neutro
WA0421,U1297,2023-03-20,whatsapp,27,no,si,integraciones,pasarela_pago,negativo
WA0422,U0925,2023-11-01,whatsapp,22,si,no,cuenta,reactivacion,positivo
WA0423,U0954,2023-05-03,whatsapp,16,si,no,cuenta,reactivacion,positivo
WA0424,U1751,2023-09-21,whatsapp,13,no,si,pagos,disputa,negativo
WA0425,U1535,2023-03-21,whatsapp,34,si,no,reportes,estado_resultados,positivo
WA0426,U1863,2023-06-06,whatsapp,27,no,si,pagos,actualizacion_tarjeta,positivo
WA0427,U0985,2023-05-12,whatsapp,30,no,si,reportes,estado_resultados,positivo
WA0428,U0030,2023-02-06,whatsapp,26,si,no,facturacion,factura_electronica_avanzada,positivo
WA0429,U1809,2024-01-22,whatsapp,25,no,si,configuracion,plan_cuentas,positivo
WA0430,U1634,2024-01-08,whatsapp,29,no,si,configuracion,plan_cuentas,neutro
WA0431,U0486,2023-07-10,whatsapp,9,si,no,configuracion,plan_cuentas,positivo
WA0432,U1475,2023-05-16,whatsapp,21,si,no,facturacion,descarga_xml,neutro
WA0433,U0211,2023-01-29,whatsapp,8,no,si,integraciones,banco,neutro
WA0434,U0111,2023-09-04,whatsapp,15,si,no,facturacion,errores_sat,negativo
WA0435,U0899,2023-07-03,whatsapp,31,no,si,integraciones,pasarela_pago,positivo
WA0436,U1702,2024-01-24,whatsapp,26,no,si,facturacion,descarga_xml,negativo
WA0437,U0475,2024-01-23,whatsapp,15,si,no,integraciones,api_externa,negativo
WA0438,U0933,2023-07-20,whatsapp,26,si,no,pagos,disputa,neutro
WA0439,U0862,2023-07-20,whatsapp,25,si,no,facturacion,descarga_xml,positivo
WA0440,U1143,2023-07-18,whatsapp,19,si,no,configuracion,datos_empresa,neutro
WA0441,U0191,2023-06-05,whatsapp,33,no,si,facturacion,errores_sat,negativo
WA0442,U0258,2023-11-07,whatsapp,21,si,si,reportes,exportar_excel,positivo
WA0443,U0578,2024-02-10,whatsapp,21,no,si,facturacion,emision_factura,negativo
WA0444,U0550,2023-01-06,whatsapp,4,si,no,configuracion,datos_empresa,neutro
WA0445,U1240,2023-05-20,whatsapp,13,si,si,configuracion,integracion_banco,neutro
WA0446,U1426,2023-11-11,whatsapp,5,no,si,reportes,flujo_caja,positivo
WA0447,U1180,2023-12-23,whatsapp,8,si,no,pagos,fallo_cobro,negativo
WA0448,U1359,2023-09-25,whatsapp,32,si,no,configuracion,onboarding_general,neutro
WA0449,U1906,2023-12-15,whatsapp,10,si,no,configuracion,onboarding_general,neutro
WA0450,U0101,2023-12-12,whatsapp,30,si,si,configuracion,onboarding_general,positivo
WA0451,U0872,2023-10-09,whatsapp,14,si,si,cuenta,reactivacion,positivo
WA0452,U1057,2023-07-07,whatsapp,32,no,si,pagos,fallo_cobro,negativo
WA0453,U0691,2023-05-28,whatsapp,8,no,si,cuenta,reactivacion,neutro
WA0454,U1199,2023-10-13,whatsapp,24,si,no,integraciones,banco,positivo
WA0455,U1605,2024-01-29,whatsapp,34,no,si,configuracion,plan_cuentas,positivo
WA0456,U0114,2023-10-14,whatsapp,23,si,no,cuenta,reactivacion,neutro
WA0457,U0939,2023-12-04,whatsapp,9,no,si,configuracion,onboarding_general,positivo
WA0458,U0288,2023-04-09,whatsapp,9,no,si,cuenta,cambio_plan,positivo
WA0459,U0378,2023-12-18,whatsapp,27,no,si,reportes,flujo_caja,neutro
WA0460,U0705,2023-08-25,whatsapp,9,no,si,pagos,disputa,neutro
WA0461,U1678,2023-06-30,whatsapp,32,si,no,configuracion,onboarding_general,positivo
WA0462,U1282,2023-03-16,whatsapp,13,no,si,pagos,fallo_cobro,positivo
WA0463,U1064,2024-01-25,whatsapp,31,no,si,configuracion,plan_cuentas,positivo
WA0464,U1101,2023-03-01,whatsapp,21,no,si,configuracion,datos_empresa,positivo
WA0465,U1176,2023-07-22,whatsapp,14,no,si,configuracion,plan_cuentas,positivo
WA0466,U1599,2023-10-18,whatsapp,25,si,no,facturacion,emision_factura,neutro
WA0467,U1126,2023-07-04,whatsapp,15,si,no,configuracion,plan_cuentas,negativo
WA0468,U0083,2023-08-10,whatsapp,28,si,si,pagos,disputa,positivo
WA0469,U1922,2023-10-23,whatsapp,34,si,no,configuracion,plan_cuentas,neutro
WA0470,U0524,2023-07-11,whatsapp,6,no,si,pagos,disputa,positivo
WA0471,U1471,2023-07-25,whatsapp,11,no,si,configuracion,integracion_banco,negativo
WA0472,U0106,2023-05-23,whatsapp,29,si,no,facturacion,factura_electronica_avanzada,negativo
WA0473,U1864,2023-10-27,whatsapp,7,si,si,cuenta,reactivacion,neutro
WA0474,U1072,2024-02-04,whatsapp,4,si,no,configuracion,datos_empresa,positivo
WA0475,U1494,2023-09-29,whatsapp,13,no,si,reportes,flujo_caja,positivo
WA0476,U1150,2023-08-14,whatsapp,33,si,no,integraciones,pasarela_pago,positivo
WA0477,U0355,2023-05-17,whatsapp,21,si,no,cuenta,cambio_plan,neutro
WA0478,U1662,2023-03-15,whatsapp,9,si,no,configuracion,onboarding_general,negativo
WA0479,U0073,2023-10-29,whatsapp,14,no,si,configuracion,onboarding_general,positivo
WA0480,U0050,2024-02-11,whatsapp,35,si,no,configuracion,datos_empresa,negativo
WA0481,U0125,2023-05-02,whatsapp,20,si,si,facturacion,factura_electronica_avanzada,negativo
WA0482,U1316,2023-04-22,whatsapp,5,no,si,pagos,actualizacion_tarjeta,positivo
WA0483,U1618,2024-02-09,whatsapp,11,no,si,integraciones,pasarela_pago,negativo
WA0484,U1116,2024-02-19,whatsapp,28,si,si,facturacion,descarga_xml,positivo
WA0485,U1130,2023-12-15,whatsapp,22,si,no,configuracion,plan_cuentas,positivo
WA0486,U0351,2024-02-09,whatsapp,28,no,si,facturacion,errores_dian,positivo
WA0487,U0835,2023-05-23,whatsapp,32,si,no,pagos,disputa,negativo
WA0488,U0600,2023-03-13,whatsapp,27,si,si,configuracion,onboarding_general,negativo
WA0489,U1982,2023-07-28,whatsapp,30,no,si,cuenta,reactivacion,positivo
WA0490,U0171,2023-02-05,whatsapp,30,no,si,pagos,fallo_cobro,negativo
WA0491,U0554,2023-12-27,whatsapp,10,no,si,facturacion,descarga_xml,positivo
WA0492,U0814,2023-04-02,whatsapp,9,si,si,configuracion,plan_cuentas,neutro
WA0493,U0371,2023-02-17,whatsapp,27,no,si,configuracion,datos_empresa,positivo
WA0494,U0778,2023-04-10,whatsapp,7,no,si,facturacion,emision_factura,negativo
WA0495,U0268,2023-05-24,whatsapp,19,si,no,pagos,actualizacion_tarjeta,positivo
WA0496,U0705,2024-02-13,whatsapp,30,no,si,integraciones,api_externa,positivo
WA0497,U1174,2024-02-18,whatsapp,28,no,si,integraciones,api_externa,positivo
WA0498,U0568,2024-02-10,whatsapp,32,no,si,facturacion,descarga_xml,neutro
WA0499,U0140,2023-09-26,whatsapp,34,si,si,configuracion,integracion_banco,positivo
WA0500,U0432,2023-08-15,whatsapp,21,no,si,pagos,actualizacion_tarjeta,positivo
WA0501,U1280,2023-02-09,whatsapp,30,no,si,facturacion,errores_sat,negativo
WA0502,U0152,2023-05-11,whatsapp,12,no,si,facturacion,emision_factura,neutro
WA0503,U1144,2024-01-31,whatsapp,7,no,si,cuenta,cambio_plan,positivo
WA0504,U0640,2023-11-02,whatsapp,11,no,si,facturacion,emision_factura,positivo
WA0505,U1664,2023-04-24,whatsapp,21,si,no,pagos,disputa,positivo
WA0506,U0610,2023-09-08,whatsapp,6,si,si,integraciones,pasarela_pago,positivo
WA0507,U1702,2023-03-07,whatsapp,23,no,si,pagos,fallo_cobro,neutro
WA0508,U1810,2023-05-29,whatsapp,6,no,si,facturacion,factura_electronica_avanzada,negativo
WA0509,U1446,2023-10-20,whatsapp,26,no,si,facturacion,errores_dian,positivo
WA0510,U0576,2024-02-07,whatsapp,26,no,si,configuracion,integracion_banco,neutro
WA0511,U0986,2023-02-10,whatsapp,35,si,no,pagos,fallo_cobro,positivo
WA0512,U0494,2023-07-01,whatsapp,34,si,no,pagos,disputa,positivo
WA0513,U0958,2023-06-11,whatsapp,28,si,no,configuracion,integracion_banco,neutro
WA0514,U0813,2023-08-14,whatsapp,19,no,si,pagos,fallo_cobro,positivo
WA0515,U1046,2023-02-22,whatsapp,28,no,si,pagos,disputa,negativo
WA0516,U1863,2023-01-07,whatsapp,16,si,no,facturacion,descarga_xml,negativo
WA0517,U0524,2024-01-16,whatsapp,25,si,no,integraciones,pasarela_pago,negativo
WA0518,U1416,2023-11-21,whatsapp,11,si,no,facturacion,factura_electronica_avanzada,neutro
WA0519,U1935,2023-11-14,whatsapp,5,no,si,configuracion,datos_empresa,negativo
WA0520,U1960,2023-10-15,whatsapp,15,si,no,facturacion,factura_electronica_avanzada,positivo
WA0521,U1220,2023-12-08,whatsapp,8,si,no,configuracion,plan_cuentas,neutro
WA0522,U1181,2024-01-20,whatsapp,5,si,no,configuracion,onboarding_general,positivo
WA0523,U1112,2023-01-26,whatsapp,34,si,si,reportes,balance_general,neutro
WA0524,U1962,2023-04-19,whatsapp,23,si,si,facturacion,descarga_xml,negativo
WA0525,U0077,2023-03-06,whatsapp,22,si,no,integraciones,banco,neutro
WA0526,U1149,2023-06-20,whatsapp,23,si,no,pagos,fallo_cobro,negativo
WA0527,U1430,2023-02-19,whatsapp,26,si,no,reportes,exportar_excel,neutro
WA0528,U0355,2023-05-18,whatsapp,7,no,si,configuracion,integracion_banco,positivo
WA0529,U0661,2024-02-15,whatsapp,16,no,si,facturacion,factura_electronica_avanzada,positivo
WA0530,U1323,2023-08-29,whatsapp,3,si,no,integraciones,banco,neutro
WA0531,U0412,2023-10-03,whatsapp,15,si,si,facturacion,factura_electronica_avanzada,positivo
WA0532,U1187,2023-03-21,whatsapp,7,no,si,configuracion,onboarding_general,negativo
WA0533,U1118,2023-03-03,whatsapp,7,si,si,facturacion,descarga_xml,neutro
WA0534,U1947,2023-04-02,whatsapp,27,si,no,configuracion,plan_cuentas,positivo
WA0535,U0428,2023-10-07,whatsapp,19,si,si,configuracion,integracion_banco,negativo
WA0536,U0459,2023-02-15,whatsapp,15,no,si,facturacion,errores_sat,negativo
WA0537,U1656,2024-02-03,whatsapp,7,no,si,cuenta,suspension_cuenta,positivo
WA0538,U0523,2023-12-29,whatsapp,27,si,no,pagos,fallo_cobro,negativo
WA0539,U1889,2023-12-22,whatsapp,27,no,si,facturacion,errores_sat,neutro
WA0540,U1955,2023-05-13,whatsapp,3,no,si,facturacion,errores_dian,neutro
WA0541,U0232,2023-12-23,whatsapp,11,si,no,reportes,exportar_excel,positivo
WA0542,U0926,2023-07-10,whatsapp,17,no,si,configuracion,datos_empresa,positivo
WA0543,U0607,2023-09-22,whatsapp,9,no,si,pagos,fallo_cobro,positivo
WA0544,U0433,2023-12-22,whatsapp,18,no,si,cuenta,reactivacion,positivo
WA0545,U0908,2023-06-29,whatsapp,10,si,no,configuracion,onboarding_general,positivo
WA0546,U1097,2023-03-14,whatsapp,24,no,si,facturacion,errores_sat,neutro
WA0547,U1144,2024-01-17,whatsapp,27,si,no,cuenta,reactivacion,negativo
WA0548,U0997,2023-11-09,whatsapp,3,no,si,facturacion,errores_sat,positivo
WA0549,U1511,2023-11-02,whatsapp,6,si,no,facturacion,factura_electronica_avanzada,positivo
WA0550,U1629,2023-05-08,whatsapp,27,si,no,facturacion,errores_sat,negativo
WA0551,U1517,2023-07-27,whatsapp,14,no,si,configuracion,plan_cuentas,neutro
WA0552,U0940,2023-06-21,whatsapp,22,si,no,facturacion,emision_factura,positivo
WA0553,U1737,2023-12-30,whatsapp,25,no,si,pagos,fallo_cobro,negativo
WA0554,U0466,2023-10-19,whatsapp,19,si,no,facturacion,errores_sat,negativo
WA0555,U1091,2023-09-19,whatsapp,10,no,si,pagos,actualizacion_tarjeta,neutro
WA0556,U1556,2024-02-18,whatsapp,27,si,no,reportes,flujo_caja,positivo
WA0557,U0943,2023-08-26,whatsapp,4,si,no,facturacion,errores_dian,neutro
WA0558,U1999,2023-03-23,whatsapp,12,si,no,cuenta,suspension_cuenta,negativo
WA0559,U1587,2023-01-23,whatsapp,28,si,no,pagos,fallo_cobro,neutro
WA0560,U0457,2023-12-08,whatsapp,27,si,no,pagos,fallo_cobro,neutro
WA0561,U0303,2023-04-28,whatsapp,10,no,si,reportes,flujo_caja,negativo
WA0562,U1526,2023-09-15,whatsapp,33,si,no,pagos,actualizacion_tarjeta,neutro
WA0563,U1454,2024-02-17,whatsapp,3,no,si,integraciones,pasarela_pago,neutro
WA0564,U1894,2023-10-05,whatsapp,29,si,si,configuracion,plan_cuentas,neutro
WA0565,U1693,2023-11-02,whatsapp,22,no,si,facturacion,errores_sat,neutro
WA0566,U0845,2023-05-31,whatsapp,23,no,si,facturacion,errores_sat,neutro
WA0567,U0256,2023-10-17,whatsapp,25,no,si,cuenta,suspension_cuenta,neutro
WA0568,U1203,2023-05-15,whatsapp,10,no,si,facturacion,errores_dian,positivo
WA0569,U0913,2023-08-30,whatsapp,13,no,si,facturacion,factura_electronica_avanzada,negativo
WA0570,U1768,2023-06-08,whatsapp,5,no,si,facturacion,errores_dian,neutro
WA0571,U1428,2023-01-01,whatsapp,14,no,si,facturacion,factura_electronica_avanzada,negativo
WA0572,U0226,2023-08-30,whatsapp,12,si,si,facturacion,factura_electronica_avanzada,positivo
WA0573,U0538,2024-01-11,whatsapp,13,no,si,cuenta,cambio_plan,negativo
WA0574,U1733,2023-01-15,whatsapp,19,si,no,facturacion,errores_sat,negativo
WA0575,U1776,2023-11-08,whatsapp,26,si,no,pagos,actualizacion_tarjeta,negativo
WA0576,U1540,2023-11-23,whatsapp,22,no,si,cuenta,reactivacion,negativo
WA0577,U1524,2023-04-28,whatsapp,28,no,si,pagos,fallo_cobro,negativo
WA0578,U0962,2023-01-13,whatsapp,22,si,no,facturacion,descarga_xml,negativo
WA0579,U1344,2023-12-19,whatsapp,13,si,no,configuracion,datos_empresa,neutro
WA0580,U0282,2023-01-04,whatsapp,17,no,si,cuenta,cambio_plan,positivo
WA0581,U0493,2024-01-30,whatsapp,31,no,si,reportes,exportar_excel,positivo
WA0582,U1626,2023-12-16,whatsapp,30,no,si,integraciones,api_externa,positivo
WA0583,U0065,2023-07-07,whatsapp,26,no,si,configuracion,plan_cuentas,negativo
WA0584,U0744,2023-11-01,whatsapp,7,no,si,reportes,exportar_excel,negativo
WA0585,U0734,2023-03-22,whatsapp,13,no,si,reportes,flujo_caja,negativo
WA0586,U0373,2023-07-06,whatsapp,21,si,si,cuenta,reactivacion,positivo
WA0587,U1724,2023-01-20,whatsapp,23,si,si,pagos,actualizacion_tarjeta,negativo
WA0588,U1721,2024-02-06,whatsapp,10,si,no,integraciones,pasarela_pago,neutro
WA0589,U0918,2023-05-03,whatsapp,18,no,si,integraciones,pasarela_pago,positivo
WA0590,U0059,2023-11-20,whatsapp,30,no,si,facturacion,emision_factura,positivo
WA0591,U0153,2023-08-14,whatsapp,8,no,si,pagos,actualizacion_tarjeta,negativo
WA0592,U0730,2024-02-29,whatsapp,33,no,si,facturacion,factura_electronica_avanzada,negativo
WA0593,U1330,2024-03-01,whatsapp,10,si,no,facturacion,errores_dian,neutro
WA0594,U1302,2023-08-31,whatsapp,20,no,si,pagos,fallo_cobro,neutro
WA0595,U1673,2023-09-09,whatsapp,6,si,no,configuracion,plan_cuentas,negativo
WA0596,U1058,2023-08-07,whatsapp,6,si,no,configuracion,datos_empresa,neutro
WA0597,U0684,2023-09-15,whatsapp,19,no,si,facturacion,errores_sat,negativo
WA0598,U0137,2023-09-30,whatsapp,29,si,no,facturacion,factura_electronica_avanzada,neutro
WA0599,U0800,2024-01-11,whatsapp,10,si,no,pagos,fallo_cobro,positivo
WA0600,U1798,2023-05-31,whatsapp,8,si,no,reportes,estado_resultados,negativo
WA0601,U0924,2023-01-15,whatsapp,18,si,no,reportes,exportar_excel,neutro
WA0602,U1419,2023-10-17,whatsapp,31,si,no,cuenta,suspension_cuenta,neutro
WA0603,U0102,2023-08-07,whatsapp,20,no,si,cuenta,suspension_cuenta,negativo
WA0604,U1418,2023-08-31,whatsapp,7,no,si,integraciones,banco,negativo
WA0605,U1983,2023-08-03,whatsapp,9,si,si,configuracion,onboarding_general,positivo
WA0606,U1802,2023-05-14,whatsapp,4,no,si,cuenta,cambio_plan,negativo
WA0607,U1490,2023-04-05,whatsapp,6,si,no,facturacion,emision_factura,negativo
WA0608,U1996,2023-11-30,whatsapp,17,no,si,facturacion,emision_factura,negativo
WA0609,U1306,2023-11-14,whatsapp,23,no,si,pagos,fallo_cobro,positivo
WA0610,U0261,2023-03-17,whatsapp,16,si,no,facturacion,factura_electronica_avanzada,neutro
WA0611,U0060,2023-12-18,whatsapp,33,no,si,cuenta,suspension_cuenta,neutro
WA0612,U1951,2024-01-28,whatsapp,27,si,no,integraciones,pasarela_pago,negativo
WA0613,U0787,2024-01-26,whatsapp,3,no,si,cuenta,cambio_plan,negativo
WA0614,U1458,2023-08-03,whatsapp,21,si,no,configuracion,plan_cuentas,neutro
WA0615,U0565,2023-01-12,whatsapp,9,no,si,pagos,fallo_cobro,neutro
WA0616,U0042,2023-05-20,whatsapp,15,no,si,cuenta,suspension_cuenta,positivo
WA0617,U0208,2023-08-21,whatsapp,15,no,si,pagos,actualizacion_tarjeta,positivo
WA0618,U1848,2023-12-09,whatsapp,25,si,no,integraciones,banco,positivo
WA0619,U0534,2023-02-10,whatsapp,21,no,si,pagos,fallo_cobro,positivo
WA0620,U1500,2023-10-09,whatsapp,11,no,si,configuracion,plan_cuentas,neutro
WA0621,U1303,2023-03-31,whatsapp,33,si,no,cuenta,cambio_plan,negativo
WA0622,U0840,2024-02-08,whatsapp,35,si,no,pagos,actualizacion_tarjeta,negativo
WA0623,U1251,2023-05-18,whatsapp,23,no,si,configuracion,onboarding_general,neutro
WA0624,U1968,2023-11-07,whatsapp,16,no,si,reportes,flujo_caja,neutro
WA0625,U1208,2023-08-08,whatsapp,24,no,si,facturacion,errores_sat,neutro
WA0626,U0518,2023-05-12,whatsapp,19,no,si,facturacion,factura_electronica_avanzada,positivo
WA0627,U0931,2024-03-01,whatsapp,35,si,no,pagos,disputa,negativo
WA0628,U1657,2024-01-20,whatsapp,17,no,si,configuracion,onboarding_general,negativo
WA0629,U1688,2023-06-18,whatsapp,5,no,si,integraciones,banco,neutro
WA0630,U0027,2023-02-08,whatsapp,7,si,no,pagos,fallo_cobro,positivo
WA0631,U0149,2024-02-06,whatsapp,9,no,si,pagos,actualizacion_tarjeta,negativo
WA0632,U0231,2023-02-26,whatsapp,5,si,no,integraciones,api_externa,positivo
WA0633,U1613,2023-05-10,whatsapp,19,si,si,pagos,disputa,positivo
WA0634,U0832,2023-08-29,whatsapp,11,si,si,integraciones,pasarela_pago,neutro
WA0635,U0680,2023-02-08,whatsapp,8,si,no,integraciones,banco,negativo
WA0636,U1840,2024-01-23,whatsapp,11,si,no,facturacion,descarga_xml,positivo
WA0637,U1799,2023-01-06,whatsapp,3,si,si,configuracion,integracion_banco,neutro
WA0638,U0612,2024-01-17,whatsapp,9,si,no,configuracion,plan_cuentas,positivo
WA0639,U0756,2023-06-16,whatsapp,30,no,si,cuenta,cambio_plan,positivo
WA0640,U1722,2024-01-22,whatsapp,20,no,si,configuracion,datos_empresa,neutro
WA0641,U1477,2023-09-10,whatsapp,15,si,no,cuenta,cambio_plan,negativo
WA0642,U1211,2023-12-12,whatsapp,5,si,si,configuracion,datos_empresa,positivo
WA0643,U1625,2023-03-29,whatsapp,23,no,si,facturacion,descarga_xml,negativo
WA0644,U0653,2023-10-25,whatsapp,17,si,si,configuracion,onboarding_general,neutro
WA0645,U1282,2023-06-01,whatsapp,20,si,no,facturacion,descarga_xml,negativo
WA0646,U0969,2023-03-10,whatsapp,17,no,si,pagos,disputa,neutro
WA0647,U0167,2023-02-23,whatsapp,35,si,no,pagos,fallo_cobro,neutro
WA0648,U1752,2024-01-31,whatsapp,5,si,si,reportes,exportar_excel,negativo
WA0649,U1097,2023-12-04,whatsapp,32,no,si,facturacion,errores_sat,positivo
WA0650,U1418,2023-08-13,whatsapp,32,si,no,configuracion,plan_cuentas,positivo
WA0651,U0765,2023-05-19,whatsapp,28,si,si,cuenta,suspension_cuenta,positivo
WA0652,U1299,2023-08-29,whatsapp,16,no,si,pagos,fallo_cobro,positivo
WA0653,U0059,2023-07-04,whatsapp,32,si,no,configuracion,integracion_banco,positivo
WA0654,U0788,2023-12-11,whatsapp,27,si,no,facturacion,errores_sat,positivo
WA0655,U1073,2023-10-16,whatsapp,6,no,si,facturacion,descarga_xml,neutro
WA0656,U1513,2023-12-18,whatsapp,21,si,si,integraciones,pasarela_pago,neutro
WA0657,U1354,2023-07-26,whatsapp,35,si,no,configuracion,plan_cuentas,negativo
WA0658,U0145,2023-11-16,whatsapp,7,no,si,pagos,fallo_cobro,positivo
WA0659,U0065,2023-05-23,whatsapp,22,si,no,facturacion,factura_electronica_avanzada,negativo
WA0660,U0853,2023-05-09,whatsapp,25,no,si,facturacion,descarga_xml,positivo
WA0661,U0051,2024-02-02,whatsapp,22,no,si,pagos,disputa,positivo
WA0662,U1841,2023-02-19,whatsapp,28,no,si,facturacion,descarga_xml,negativo
WA0663,U0590,2023-02-18,whatsapp,34,si,no,facturacion,factura_electronica_avanzada,positivo
WA0664,U2000,2023-08-14,whatsapp,20,no,si,facturacion,emision_factura,neutro
WA0665,U1790,2023-12-11,whatsapp,28,si,si,pagos,fallo_cobro,neutro
WA0666,U1097,2024-01-28,whatsapp,23,si,si,pagos,disputa,neutro
WA0667,U1191,2023-02-19,whatsapp,34,si,si,configuracion,integracion_banco,negativo
WA0668,U0565,2023-03-18,whatsapp,6,si,no,cuenta,cambio_plan,negativo
WA0669,U0911,2023-08-25,whatsapp,12,si,si,configuracion,integracion_banco,negativo
WA0670,U0463,2023-05-23,whatsapp,23,no,si,configuracion,integracion_banco,negativo
WA0671,U0183,2024-01-13,whatsapp,23,no,si,facturacion,errores_dian,negativo
WA0672,U0661,2024-01-24,whatsapp,20,no,si,pagos,disputa,neutro
WA0673,U0139,2023-08-12,whatsapp,34,no,si,reportes,balance_general,positivo
WA0674,U0134,2024-01-04,whatsapp,23,si,no,facturacion,descarga_xml,neutro
WA0675,U1364,2023-10-27,whatsapp,30,si,si,pagos,actualizacion_tarjeta,positivo
WA0676,U0056,2023-02-04,whatsapp,30,si,no,configuracion,onboarding_general,neutro
WA0677,U0505,2023-04-23,whatsapp,11,no,si,reportes,flujo_caja,positivo
WA0678,U1136,2023-02-16,whatsapp,17,si,no,integraciones,banco,negativo
WA0679,U1800,2023-03-15,whatsapp,26,no,si,configuracion,datos_empresa,neutro
WA0680,U0504,2024-01-18,whatsapp,18,si,no,cuenta,cambio_plan,neutro
WA0681,U0779,2023-03-26,whatsapp,21,si,si,configuracion,datos_empresa,negativo
WA0682,U0072,2023-08-11,whatsapp,7,no,si,pagos,fallo_cobro,negativo
WA0683,U0188,2023-09-28,whatsapp,15,no,si,reportes,flujo_caja,positivo
WA0684,U0877,2023-07-17,whatsapp,10,si,no,facturacion,emision_factura,neutro
WA0685,U1146,2023-07-05,whatsapp,6,no,si,pagos,actualizacion_tarjeta,negativo
WA0686,U0416,2023-07-17,whatsapp,7,si,no,facturacion,descarga_xml,negativo
WA0687,U1975,2023-09-27,whatsapp,8,si,no,pagos,fallo_cobro,positivo
WA0688,U0166,2024-02-11,whatsapp,18,no,si,facturacion,descarga_xml,positivo
WA0689,U0093,2023-12-16,whatsapp,27,si,no,facturacion,factura_electronica_avanzada,neutro
WA0690,U1234,2024-02-05,whatsapp,25,no,si,facturacion,descarga_xml,positivo
WA0691,U1946,2024-01-15,whatsapp,21,no,si,facturacion,factura_electronica_avanzada,negativo
WA0692,U0758,2023-03-12,whatsapp,5,si,si,configuracion,onboarding_general,neutro
WA0693,U0396,2023-09-11,whatsapp,27,si,no,facturacion,errores_sat,negativo
WA0694,U1915,2023-10-31,whatsapp,35,no,si,cuenta,cambio_plan,positivo
WA0695,U0320,2024-01-01,whatsapp,11,no,si,configuracion,onboarding_general,negativo
WA0696,U0347,2023-09-18,whatsapp,24,no,si,cuenta,reactivacion,positivo
WA0697,U0482,2024-01-21,whatsapp,28,no,si,facturacion,errores_dian,neutro
WA0698,U0884,2023-02-25,whatsapp,18,si,no,integraciones,banco,positivo
WA0699,U0204,2024-02-18,whatsapp,17,si,no,integraciones,banco,neutro
WA0700,U1930,2023-04-16,whatsapp,29,si,no,facturacion,errores_sat,neutro
WA0701,U0256,2023-04-19,whatsapp,26,no,si,facturacion,errores_sat,positivo
WA0702,U0241,2023-02-09,whatsapp,9,si,no,reportes,estado_resultados,neutro
WA0703,U0101,2023-09-17,whatsapp,33,no,si,facturacion,errores_sat,positivo
WA0704,U1232,2023-12-01,whatsapp,7,si,si,reportes,flujo_caja,negativo
WA0705,U0044,2023-03-24,whatsapp,4,no,si,pagos,disputa,positivo
WA0706,U1155,2023-07-28,whatsapp,35,no,si,configuracion,onboarding_general,positivo
WA0707,U1566,2023-06-12,whatsapp,29,si,no,pagos,actualizacion_tarjeta,neutro
WA0708,U1150,2023-01-05,whatsapp,26,no,si,configuracion,integracion_banco,neutro
WA0709,U1949,2024-02-24,whatsapp,30,si,no,reportes,balance_general,positivo
WA0710,U0582,2023-08-03,whatsapp,19,si,si,integraciones,pasarela_pago,neutro
WA0711,U1298,2024-01-05,whatsapp,27,si,no,integraciones,pasarela_pago,positivo
WA0712,U1583,2023-08-30,whatsapp,4,no,si,reportes,flujo_caja,negativo
WA0713,U0524,2023-03-16,whatsapp,12,no,si,integraciones,pasarela_pago,neutro
WA0714,U0076,2023-02-16,whatsapp,22,si,no,reportes,estado_resultados,negativo
WA0715,U0390,2023-11-28,whatsapp,9,si,no,configuracion,integracion_banco,neutro
WA0716,U1075,2024-01-04,whatsapp,9,si,no,pagos,disputa,negativo
WA0717,U1818,2023-06-24,whatsapp,20,si,no,reportes,estado_resultados,neutro
WA0718,U0353,2023-08-02,whatsapp,15,si,no,configuracion,datos_empresa,positivo
WA0719,U0971,2023-07-03,whatsapp,27,si,no,integraciones,api_externa,neutro
WA0720,U0797,2023-07-11,whatsapp,20,no,si,facturacion,factura_electronica_avanzada,negativo
WA0721,U1459,2023-06-29,whatsapp,33,si,no,configuracion,datos_empresa,positivo
WA0722,U0030,2023-04-01,whatsapp,13,no,si,pagos,actualizacion_tarjeta,negativo
WA0723,U1875,2023-10-29,whatsapp,29,si,si,configuracion,onboarding_general,positivo
WA0724,U1820,2024-01-25,whatsapp,26,si,no,facturacion,descarga_xml,positivo
WA0725,U1506,2023-05-19,whatsapp,35,no,si,facturacion,descarga_xml,neutro
WA0726,U0136,2023-09-30,whatsapp,9,si,no,pagos,actualizacion_tarjeta,neutro
WA0727,U1951,2023-03-08,whatsapp,30,no,si,pagos,disputa,neutro
WA0728,U0025,2023-11-22,whatsapp,5,no,si,reportes,flujo_caja,negativo
WA0729,U1950,2023-04-30,whatsapp,6,si,no,reportes,balance_general,neutro
WA0730,U0564,2023-08-05,whatsapp,31,no,si,facturacion,errores_sat,positivo
WA0731,U0014,2023-10-18,whatsapp,32,si,no,pagos,fallo_cobro,neutro
WA0732,U1377,2024-02-25,whatsapp,15,si,si,cuenta,reactivacion,negativo
WA0733,U0466,2024-01-18,whatsapp,8,no,si,configuracion,plan_cuentas,negativo
WA0734,U0998,2023-12-25,whatsapp,21,no,si,configuracion,plan_cuentas,positivo
WA0735,U1038,2023-07-02,whatsapp,18,no,si,facturacion,errores_sat,positivo
WA0736,U0255,2024-02-28,whatsapp,6,si,no,pagos,fallo_cobro,positivo
WA0737,U1850,2023-03-28,whatsapp,16,no,si,facturacion,factura_electronica_avanzada,negativo
WA0738,U1285,2023-06-22,whatsapp,33,si,no,facturacion,errores_sat,negativo
WA0739,U0762,2023-05-29,whatsapp,11,si,no,facturacion,descarga_xml,positivo
WA0740,U1046,2023-03-30,whatsapp,33,si,no,configuracion,datos_empresa,negativo
WA0741,U1118,2023-02-17,whatsapp,21,no,si,pagos,actualizacion_tarjeta,neutro
WA0742,U0222,2023-10-09,whatsapp,7,no,si,integraciones,banco,neutro
WA0743,U1325,2023-07-02,whatsapp,9,no,si,pagos,disputa,positivo
WA0744,U0348,2024-01-14,whatsapp,11,si,no,facturacion,factura_electronica_avanzada,positivo
WA0745,U0478,2023-07-10,whatsapp,31,no,si,configuracion,integracion_banco,negativo
WA0746,U1555,2023-04-11,whatsapp,23,no,si,configuracion,plan_cuentas,negativo
WA0747,U0585,2023-06-20,whatsapp,32,si,si,cuenta,reactivacion,positivo
WA0748,U0541,2023-12-12,whatsapp,32,no,si,facturacion,factura_electronica_avanzada,neutro
WA0749,U0906,2023-02-07,whatsapp,11,si,no,configuracion,plan_cuentas,neutro
WA0750,U0680,2023-07-01,whatsapp,20,no,si,pagos,fallo_cobro,negativo
WA0751,U1207,2023-12-16,whatsapp,31,si,no,facturacion,emision_factura,positivo
WA0752,U1436,2023-06-22,whatsapp,29,si,no,facturacion,errores_sat,positivo
WA0753,U1541,2023-01-17,whatsapp,28,si,si,configuracion,onboarding_general,negativo
WA0754,U1931,2023-05-14,whatsapp,35,si,si,facturacion,emision_factura,negativo
WA0755,U2000,2024-02-05,whatsapp,34,no,si,configuracion,onboarding_general,neutro
WA0756,U1455,2023-01-03,whatsapp,7,no,si,configuracion,integracion_banco,negativo
WA0757,U1991,2023-07-19,whatsapp,31,no,si,pagos,disputa,neutro
WA0758,U1011,2023-10-03,whatsapp,15,si,no,pagos,disputa,negativo
WA0759,U1012,2023-10-25,whatsapp,5,no,si,reportes,estado_resultados,negativo
WA0760,U1024,2023-12-04,whatsapp,35,no,si,cuenta,cambio_plan,positivo
WA0761,U0145,2023-01-07,whatsapp,9,no,si,facturacion,errores_sat,positivo
WA0762,U1039,2024-01-16,whatsapp,15,si,no,integraciones,pasarela_pago,negativo
WA0763,U0776,2023-05-14,whatsapp,28,si,si,cuenta,reactivacion,neutro
WA0764,U0396,2024-01-08,whatsapp,14,si,no,pagos,fallo_cobro,positivo
WA0765,U1329,2023-07-15,whatsapp,32,no,si,pagos,disputa,positivo
WA0766,U1788,2023-10-12,whatsapp,3,no,si,cuenta,cambio_plan,positivo
WA0767,U0982,2023-05-27,whatsapp,14,si,no,cuenta,cambio_plan,positivo
WA0768,U0623,2024-02-13,whatsapp,17,no,si,pagos,fallo_cobro,negativo
WA0769,U1771,2023-03-31,whatsapp,21,si,no,configuracion,datos_empresa,positivo
WA0770,U1476,2023-08-25,whatsapp,14,no,si,reportes,exportar_excel,negativo
WA0771,U1603,2024-01-13,whatsapp,28,no,si,configuracion,integracion_banco,positivo
WA0772,U1408,2023-06-22,whatsapp,17,no,si,configuracion,datos_empresa,positivo
WA0773,U0310,2023-01-07,whatsapp,34,si,si,configuracion,datos_empresa,positivo
WA0774,U0012,2023-04-01,whatsapp,14,si,no,facturacion,errores_sat,neutro
WA0775,U1413,2023-02-13,whatsapp,18,no,si,pagos,fallo_cobro,neutro
WA0776,U1795,2023-01-09,whatsapp,6,si,no,reportes,flujo_caja,positivo
WA0777,U0304,2023-10-21,whatsapp,17,no,si,pagos,actualizacion_tarjeta,positivo
WA0778,U0899,2023-11-18,whatsapp,15,si,si,pagos,fallo_cobro,neutro
WA0779,U1496,2023-09-29,whatsapp,11,no,si,pagos,actualizacion_tarjeta,positivo
WA0780,U1611,2024-01-03,whatsapp,10,si,no,pagos,fallo_cobro,neutro
WA0781,U0651,2023-12-03,whatsapp,34,si,no,facturacion,descarga_xml,neutro
WA0782,U0202,2023-07-11,whatsapp,9,no,si,facturacion,errores_sat,positivo
WA0783,U0589,2023-02-27,whatsapp,17,no,si,pagos,disputa,neutro
WA0784,U0764,2023-02-01,whatsapp,7,si,no,facturacion,errores_sat,neutro
WA0785,U1544,2024-02-20,whatsapp,10,si,no,integraciones,pasarela_pago,neutro
WA0786,U1898,2023-09-17,whatsapp,10,si,no,facturacion,emision_factura,positivo
WA0787,U0205,2024-01-01,whatsapp,20,no,si,pagos,fallo_cobro,positivo
WA0788,U0191,2023-01-27,whatsapp,8,no,si,pagos,actualizacion_tarjeta,positivo
WA0789,U0291,2023-02-17,whatsapp,3,si,no,integraciones,pasarela_pago,negativo
WA0790,U1666,2023-12-05,whatsapp,8,no,si,cuenta,suspension_cuenta,neutro
WA0791,U1722,2023-03-03,whatsapp,22,no,si,facturacion,factura_electronica_avanzada,neutro
WA0792,U1242,2024-02-08,whatsapp,8,si,no,integraciones,pasarela_pago,negativo
WA0793,U1531,2024-01-20,whatsapp,9,si,no,cuenta,cambio_plan,positivo
WA0794,U0891,2023-12-20,whatsapp,31,no,si,facturacion,errores_dian,positivo
WA0795,U1893,2023-01-01,whatsapp,22,no,si,cuenta,cambio_plan,neutro
WA0796,U1670,2023-01-15,whatsapp,29,si,no,cuenta,cambio_plan,neutro
WA0797,U1290,2023-01-14,whatsapp,15,no,si,integraciones,banco,neutro
WA0798,U0754,2023-03-16,whatsapp,16,no,si,facturacion,errores_sat,positivo
WA0799,U1306,2023-06-11,whatsapp,27,si,no,configuracion,datos_empresa,negativo
WA0800,U0872,2023-08-16,whatsapp,7,no,si,facturacion,factura_electronica_avanzada,positivo
WA0801,U0556,2023-12-28,whatsapp,4,si,no,cuenta,reactivacion,positivo
WA0802,U1634,2023-04-14,whatsapp,18,no,si,facturacion,factura_electronica_avanzada,negativo
WA0803,U0090,2023-08-23,whatsapp,15,si,no,pagos,disputa,neutro
WA0804,U1129,2023-08-12,whatsapp,10,no,si,cuenta,suspension_cuenta,neutro
WA0805,U1953,2023-03-11,whatsapp,12,si,no,facturacion,emision_factura,positivo
WA0806,U1537,2023-02-17,whatsapp,30,no,si,pagos,disputa,neutro
WA0807,U0655,2023-12-18,whatsapp,6,si,no,pagos,fallo_cobro,positivo
WA0808,U1633,2023-10-04,whatsapp,19,si,no,facturacion,emision_factura,positivo
WA0809,U1698,2023-11-27,whatsapp,14,no,si,configuracion,onboarding_general,negativo
WA0810,U1999,2023-01-19,whatsapp,24,no,si,configuracion,integracion_banco,neutro
WA0811,U1728,2023-09-05,whatsapp,12,no,si,facturacion,factura_electronica_avanzada,neutro
WA0812,U0643,2024-02-26,whatsapp,18,si,si,configuracion,plan_cuentas,neutro
WA0813,U1676,2023-04-17,whatsapp,4,no,si,facturacion,factura_electronica_avanzada,neutro
WA0814,U1045,2023-11-30,whatsapp,15,si,no,pagos,fallo_cobro,neutro
WA0815,U1409,2023-03-20,whatsapp,5,no,si,configuracion,onboarding_general,neutro
WA0816,U0020,2023-04-07,whatsapp,19,si,no,pagos,actualizacion_tarjeta,positivo
WA0817,U1262,2024-02-21,whatsapp,26,si,si,pagos,disputa,positivo
WA0818,U1241,2024-01-30,whatsapp,25,no,si,facturacion,errores_dian,negativo
WA0819,U1370,2023-11-22,whatsapp,22,no,si,integraciones,pasarela_pago,neutro
WA0820,U1819,2024-02-11,whatsapp,11,no,si,facturacion,errores_dian,positivo
WA0821,U0749,2023-05-19,whatsapp,8,si,no,facturacion,emision_factura,negativo
WA0822,U1821,2023-12-23,whatsapp,21,no,si,reportes,exportar_excel,negativo
WA0823,U0377,2023-09-20,whatsapp,18,si,no,configuracion,integracion_banco,negativo
WA0824,U0607,2023-03-21,whatsapp,31,no,si,cuenta,cambio_plan,negativo
WA0825,U0841,2024-01-15,whatsapp,17,si,no,pagos,disputa,positivo
WA0826,U1163,2024-02-10,whatsapp,22,no,si,configuracion,integracion_banco,neutro
WA0827,U0138,2023-08-11,whatsapp,15,si,si,configuracion,datos_empresa,positivo
WA0828,U1477,2023-06-22,whatsapp,13,si,no,facturacion,factura_electronica_avanzada,neutro
WA0829,U1794,2023-05-25,whatsapp,27,si,si,cuenta,reactivacion,negativo
WA0830,U0771,2023-07-09,whatsapp,26,si,si,configuracion,plan_cuentas,positivo
WA0831,U1915,2023-12-15,whatsapp,21,no,si,pagos,fallo_cobro,positivo
WA0832,U1747,2023-01-21,whatsapp,8,si,si,facturacion,errores_dian,negativo
WA0833,U1550,2023-06-18,whatsapp,28,no,si,pagos,actualizacion_tarjeta,negativo
WA0834,U1999,2024-01-08,whatsapp,31,no,si,configuracion,plan_cuentas,neutro
WA0835,U0400,2024-01-05,whatsapp,27,no,si,configuracion,integracion_banco,negativo
WA0836,U0537,2023-12-25,whatsapp,9,no,si,facturacion,descarga_xml,negativo
WA0837,U0746,2023-08-02,whatsapp,28,no,si,cuenta,reactivacion,positivo
WA0838,U0814,2023-04-19,whatsapp,18,si,no,configuracion,integracion_banco,positivo
WA0839,U0115,2023-08-05,whatsapp,29,si,no,facturacion,errores_sat,positivo
WA0840,U1198,2023-11-26,whatsapp,29,no,si,facturacion,errores_dian,positivo
WA0841,U1231,2023-03-30,whatsapp,35,no,si,facturacion,descarga_xml,positivo
WA0842,U1079,2023-04-16,whatsapp,34,no,si,facturacion,descarga_xml,neutro
WA0843,U0142,2023-09-13,whatsapp,16,si,no,pagos,fallo_cobro,positivo
WA0844,U1958,2023-08-29,whatsapp,30,si,no,facturacion,errores_sat,positivo
WA0845,U0686,2023-01-19,whatsapp,16,si,no,integraciones,banco,neutro
WA0846,U1515,2024-02-18,whatsapp,26,no,si,reportes,balance_general,neutro
WA0847,U0805,2023-02-25,whatsapp,35,no,si,configuracion,integracion_banco,positivo
WA0848,U1978,2023-09-25,whatsapp,26,no,si,cuenta,reactivacion,neutro
WA0849,U1714,2023-01-14,whatsapp,16,no,si,pagos,fallo_cobro,neutro
WA0850,U1806,2023-05-25,whatsapp,11,si,no,facturacion,descarga_xml,positivo
WA0851,U1274,2023-11-18,whatsapp,12,si,no,configuracion,onboarding_general,negativo
WA0852,U0858,2023-08-23,whatsapp,17,no,si,facturacion,emision_factura,negativo
WA0853,U1850,2023-03-23,whatsapp,34,no,si,pagos,disputa,neutro
WA0854,U0765,2023-12-31,whatsapp,31,si,si,configuracion,integracion_banco,neutro
WA0855,U1420,2024-02-15,whatsapp,33,no,si,configuracion,datos_empresa,negativo
WA0856,U0324,2023-07-22,whatsapp,10,no,si,integraciones,banco,negativo
WA0857,U0524,2023-10-26,whatsapp,19,no,si,configuracion,integracion_banco,positivo
WA0858,U1412,2023-05-15,whatsapp,8,si,no,pagos,fallo_cobro,neutro
WA0859,U0617,2024-02-14,whatsapp,7,si,no,cuenta,cambio_plan,neutro
WA0860,U1653,2023-02-06,whatsapp,18,si,no,facturacion,emision_factura,positivo
WA0861,U0490,2024-01-19,whatsapp,10,si,no,cuenta,suspension_cuenta,positivo
WA0862,U1690,2023-05-08,whatsapp,5,si,no,reportes,estado_resultados,neutro
WA0863,U0790,2023-01-30,whatsapp,28,no,si,integraciones,api_externa,negativo
WA0864,U1122,2023-11-06,whatsapp,26,si,no,facturacion,errores_sat,positivo
WA0865,U1112,2024-03-01,whatsapp,31,no,si,configuracion,plan_cuentas,neutro
WA0866,U1344,2024-01-27,whatsapp,4,no,si,facturacion,errores_dian,negativo
WA0867,U0201,2023-07-19,whatsapp,7,si,no,cuenta,suspension_cuenta,positivo
WA0868,U0008,2023-07-23,whatsapp,15,si,no,facturacion,descarga_xml,positivo
WA0869,U1657,2024-01-21,whatsapp,3,si,no,reportes,balance_general,neutro
WA0870,U1337,2023-09-02,whatsapp,19,no,si,integraciones,pasarela_pago,neutro
WA0871,U0993,2023-07-04,whatsapp,19,no,si,pagos,fallo_cobro,positivo
WA0872,U1209,2023-05-05,whatsapp,35,si,si,configuracion,plan_cuentas,neutro
WA0873,U1410,2023-04-28,whatsapp,24,no,si,pagos,actualizacion_tarjeta,neutro
WA0874,U0690,2024-02-08,whatsapp,4,si,no,cuenta,suspension_cuenta,neutro
WA0875,U1970,2023-03-05,whatsapp,23,si,no,facturacion,errores_dian,negativo
WA0876,U0912,2023-11-24,whatsapp,13,no,si,configuracion,integracion_banco,neutro
WA0877,U0890,2023-04-20,whatsapp,6,si,no,cuenta,reactivacion,positivo
WA0878,U0897,2023-11-13,whatsapp,30,si,no,configuracion,plan_cuentas,negativo
WA0879,U0407,2023-10-14,whatsapp,25,si,no,configuracion,onboarding_general,neutro
WA0880,U1499,2024-01-09,whatsapp,6,no,si,configuracion,datos_empresa,negativo
WA0881,U0497,2023-05-19,whatsapp,16,si,si,facturacion,errores_sat,positivo
WA0882,U0659,2023-07-27,whatsapp,14,si,si,facturacion,descarga_xml,positivo
WA0883,U1632,2023-03-30,whatsapp,4,no,si,configuracion,onboarding_general,neutro
WA0884,U1680,2023-02-05,whatsapp,17,no,si,configuracion,integracion_banco,neutro
WA0885,U1087,2023-11-10,whatsapp,31,no,si,pagos,disputa,neutro
WA0886,U0069,2023-03-14,whatsapp,19,si,no,integraciones,banco,negativo
WA0887,U1384,2023-01-26,whatsapp,33,si,no,facturacion,emision_factura,positivo
WA0888,U1967,2023-12-11,whatsapp,27,no,si,configuracion,onboarding_general,neutro
WA0889,U1865,2023-06-15,whatsapp,17,si,si,cuenta,suspension_cuenta,neutro
WA0890,U1379,2023-02-27,whatsapp,26,no,si,integraciones,api_externa,neutro
WA0891,U0798,2023-01-10,whatsapp,29,no,si,facturacion,emision_factura,negativo
WA0892,U1404,2023-03-25,whatsapp,16,si,no,facturacion,descarga_xml,neutro
WA0893,U0876,2023-09-15,whatsapp,21,si,si,facturacion,emision_factura,neutro
WA0894,U0087,2023-04-12,whatsapp,24,no,si,facturacion,errores_sat,positivo
WA0895,U0299,2023-09-17,whatsapp,24,no,si,pagos,actualizacion_tarjeta,positivo
WA0896,U1829,2023-10-11,whatsapp,24,no,si,cuenta,cambio_plan,positivo
WA0897,U0883,2023-09-27,whatsapp,17,no,si,facturacion,emision_factura,negativo
WA0898,U1618,2023-05-07,whatsapp,27,si,no,configuracion,plan_cuentas,negativo
WA0899,U1523,2023-12-15,whatsapp,19,si,si,cuenta,reactivacion,negativo
WA0900,U0818,2023-09-29,whatsapp,11,no,si,facturacion,emision_factura,neutro