ticket_id,user_id,fecha,canal,duracion_llamada_min,resuelto,escalo_a_especialista,tema_principal,subtema,nps_post_llamada,motivo_escala
T0001,U0428,2023-08-30,telefono,5,si,no,reportes,flujo_caja,4,
T0002,U0886,2023-05-18,telefono,19,si,no,configuracion,plan_cuentas,4,
T0003,U0063,2023-05-25,telefono,22,no,si,pagos,actualizacion_tarjeta,2,requiere_onboarding_especializado
T0004,U1298,2023-09-20,telefono,39,no,si,facturacion,emision_factura,3,
T0005,U0092,2023-06-28,telefono,23,si,no,configuracion,onboarding_general,5,
T0006,U1047,2023-04-29,telefono,5,no,si,pagos,fallo_cobro,1,requiere_legales
T0007,U0753,2024-02-09,telefono,50,no,si,facturacion,factura_electronica_avanzada,3,requiere_legales
T0008,U1562,2024-01-26,telefono,32,no,si,cuenta,cambio_plan,3,requiere_equipo_pagos
T0009,U1209,2023-09-21,telefono,20,si,no,configuracion,onboarding_general,4,
T0010,U1753,2023-09-27,telefono,45,si,no,cuenta,cambio_plan,3,
T0011,U0443,2024-02-05,telefono,37,si,no,facturacion,errores_dian,3,
T0012,U0842,2023-04-29,telefono,21,si,no,cuenta,suspension_cuenta,5,
T0013,U1030,2023-01-21,telefono,21,no,si,cuenta,cambio_plan,1,requiere_onboarding_especializado
T0014,U0513,2023-06-28,telefono,13,si,no,configuracion,plan_cuentas,4,
T0015,U0588,2023-10-07,telefono,5,si,no,facturacion,factura_electronica_avanzada,,
T0016,U1038,2023-10-21,telefono,17,si,no,pagos,actualizacion_tarjeta,5,
T0017,U0797,2024-01-28,telefono,38,si,no,integraciones,api_externa,,
T0018,U1912,2023-05-24,telefono,10,si,no,pagos,fallo_cobro,,
T0019,U1022,2023-10-10,telefono,48,si,no,configuracion,datos_empresa,3,
T0020,U0843,2023-04-10,telefono,13,si,no,facturacion,errores_dian,4,
T0021,U1893,2023-01-17,telefono,16,no,si,pagos,disputa,4,requiere_legales
T0022,U0691,2023-04-30,telefono,26,si,no,configuracion,integracion_banco,4,
T0023,U0874,2024-02-03,telefono,6,si,no,facturacion,emision_factura,3,
T0024,U1469,2023-03-27,telefono,22,si,no,configuracion,onboarding_general,4,
T0025,U1184,2023-09-17,telefono,24,no,si,facturacion,errores_dian,1,requiere_legales
T0026,U1051,2023-04-15,telefono,49,si,no,pagos,fallo_cobro,5,
T0027,U0120,2023-09-19,telefono,14,no,si,facturacion,factura_electronica_avanzada,,requiere_equipo_tecnico
T0028,U0405,2023-04-26,telefono,49,si,no,facturacion,descarga_xml,5,
T0029,U0312,2023-09-09,telefono,16,si,no,facturacion,descarga_xml,4,
T0030,U1523,2024-01-01,telefono,50,si,no,configuracion,onboarding_general,5,
T0031,U1525,2023-11-11,telefono,33,no,si,facturacion,errores_dian,4,requiere_equipo_pagos
T0032,U0787,2023-04-14,telefono,12,no,si,facturacion,emision_factura,,requiere_legales
T0033,U1048,2024-01-20,telefono,30,no,no,reportes,balance_general,2,
T0034,U1406,2024-01-02,telefono,22,no,si,integraciones,banco,2,requiere_equipo_pagos
T0035,U1369,2023-09-20,telefono,19,si,no,reportes,flujo_caja,4,
T0036,U0435,2023-07-11,telefono,46,si,no,cuenta,cambio_plan,4,
T0037,U1124,2023-05-29,telefono,15,no,no,pagos,disputa,3,
T0038,U0367,2023-09-15,telefono,36,si,no,configuracion,onboarding_general,4,
T0039,U0466,2024-01-20,telefono,38,si,no,reportes,balance_general,4,
T0040,U1322,2023-04-19,telefono,42,no,si,pagos,fallo_cobro,2,requiere_equipo_tecnico
T0041,U1645,2023-03-30,telefono,30,no,si,reportes,exportar_excel,3,
T0042,U1970,2023-01-31,telefono,14,si,no,configuracion,integracion_banco,3,
T0043,U1192,2023-02-25,telefono,41,no,no,configuracion,integracion_banco,3,
T0044,U1458,2023-09-29,telefono,15,si,no,configuracion,plan_cuentas,3,
T0045,U0642,2023-03-17,telefono,48,no,si,facturacion,factura_electronica_avanzada,1,requiere_onboarding_especializado
T0046,U0874,2024-01-21,telefono,28,si,no,cuenta,cambio_plan,5,
T0047,U1785,2023-03-19,telefono,27,si,no,facturacion,errores_sat,4,
T0048,U0314,2023-11-09,telefono,14,no,si,configuracion,onboarding_general,3,requiere_legales
T0049,U1806,2023-11-26,telefono,45,si,no,reportes,estado_resultados,4,
T0050,U0901,2023-01-25,telefono,9,no,si,cuenta,reactivacion,3,requiere_onboarding_especializado
T0051,U0479,2023-09-17,telefono,38,no,no,configuracion,integracion_banco,3,
T0052,U0940,2023-02-17,telefono,11,si,no,pagos,disputa,5,
T0053,U1140,2023-06-29,telefono,49,si,no,integraciones,pasarela_pago,3,
T0054,U0968,2024-02-25,telefono,39,si,no,reportes,exportar_excel,5,
T0055,U0737,2023-10-09,telefono,42,no,si,cuenta,suspension_cuenta,2,requiere_legales
T0056,U1062,2023-05-17,telefono,8,si,no,configuracion,onboarding_general,,
T0057,U1758,2023-07-25,telefono,16,no,no,facturacion,emision_factura,3,
T0058,U1448,2024-02-06,telefono,9,no,si,facturacion,errores_dian,4,
T0059,U0079,2024-02-19,telefono,8,si,no,configuracion,datos_empresa,5,
T0060,U1921,2023-02-02,telefono,24,si,no,facturacion,emision_factura,,
T0061,U1763,2023-08-24,telefono,45,si,no,facturacion,factura_electronica_avanzada,3,
T0062,U1329,2023-08-05,telefono,13,no,no,cuenta,reactivacion,,
T0063,U0191,2023-03-16,telefono,30,si,no,pagos,actualizacion_tarjeta,5,
T0064,U0322,2023-11-16,telefono,13,si,no,integraciones,banco,,
T0065,U0193,2023-04-29,telefono,23,si,no,facturacion,factura_electronica_avanzada,4,
T0066,U0064,2023-03-17,telefono,50,si,no,configuracion,plan_cuentas,,
T0067,U1129,2023-01-10,telefono,17,si,no,configuracion,onboarding_general,3,
T0068,U0142,2023-04-09,telefono,27,no,no,configuracion,integracion_banco,3,
T0069,U1882,2023-09-25,telefono,49,si,no,facturacion,errores_dian,5,
T0070,U0256,2023-11-08,telefono,38,si,no,facturacion,errores_sat,3,
T0071,U1615,2023-09-09,telefono,14,si,no,facturacion,factura_electronica_avanzada,3,
T0072,U0461,2023-11-13,telefono,16,no,si,configuracion,datos_empresa,2,requiere_legales
T0073,U0102,2023-07-10,telefono,25,si,no,configuracion,onboarding_general,5,
T0074,U0662,2023-06-30,telefono,17,si,no,cuenta,suspension_cuenta,4,
T0075,U1269,2023-01-21,telefono,35,si,no,pagos,disputa,5,
T0076,U1258,2023-03-02,telefono,22,si,no,facturacion,descarga_xml,3,
T0077,U1129,2023-08-24,telefono,37,si,no,reportes,exportar_excel,5,
T0078,U0784,2023-01-06,telefono,5,si,no,pagos,actualizacion_tarjeta,4,
T0079,U1243,2023-05-25,telefono,13,si,no,configuracion,integracion_banco,3,
T0080,U0341,2023-07-23,telefono,49,no,si,configuracion,onboarding_general,3,requiere_legales
T0081,U1482,2023-03-03,telefono,15,no,si,integraciones,banco,3,requiere_equipo_tecnico
T0082,U0853,2023-11-02,telefono,15,no,no,reportes,estado_resultados,3,
T0083,U1047,2023-07-11,telefono,20,no,si,facturacion,factura_electronica_avanzada,4,
T0084,U1890,2023-10-22,telefono,27,no,si,configuracion,integracion_banco,,requiere_equipo_tecnico
T0085,U1765,2023-09-10,telefono,22,si,no,configuracion,integracion_banco,5,
T0086,U0878,2023-04-24,telefono,36,si,no,facturacion,descarga_xml,,
T0087,U1475,2023-10-20,telefono,45,si,no,facturacion,factura_electronica_avanzada,3,
T0088,U0615,2024-02-02,telefono,36,si,no,cuenta,reactivacion,3,
T0089,U1412,2023-06-17,telefono,11,si,no,facturacion,emision_factura,4,
T0090,U0497,2023-06-19,telefono,31,si,no,cuenta,reactivacion,3,
T0091,U0155,2023-01-10,telefono,47,no,no,pagos,fallo_cobro,4,
T0092,U1994,2023-11-14,telefono,45,si,no,configuracion,datos_empresa,4,
T0093,U1529,2023-05-15,telefono,5,si,no,reportes,exportar_excel,4,
T0094,U0745,2023-12-03,telefono,18,si,no,integraciones,banco,4,
T0095,U0595,2023-06-15,telefono,9,no,no,facturacion,factura_electronica_avanzada,2,
T0096,U0482,2023-07-17,telefono,34,no,no,configuracion,datos_empresa,4,
T0097,U0282,2024-01-29,telefono,40,si,no,pagos,actualizacion_tarjeta,5,
T0098,U1900,2023-02-19,telefono,42,si,no,reportes,flujo_caja,3,
T0099,U1405,2023-04-10,telefono,8,si,no,configuracion,onboarding_general,4,
T0100,U0834,2024-02-28,telefono,46,si,no,configuracion,onboarding_general,3,
T0101,U0403,2023-01-04,telefono,7,no,si,cuenta,suspension_cuenta,1,requiere_legales
T0102,U0365,2023-01-12,telefono,31,si,no,reportes,estado_resultados,4,
T0103,U1213,2023-11-18,telefono,24,no,si,facturacion,factura_electronica_avanzada,2,requiere_equipo_tecnico
T0104,U1479,2024-01-20,telefono,37,si,no,facturacion,errores_dian,5,
T0105,U1509,2023-03-20,telefono,40,si,no,facturacion,emision_factura,5,
T0106,U0348,2024-01-16,telefono,32,si,no,pagos,fallo_cobro,5,
T0107,U0948,2023-03-31,telefono,42,no,si,configuracion,plan_cuentas,4,requiere_legales
T0108,U1088,2023-02-24,telefono,13,si,no,configuracion,plan_cuentas,3,
T0109,U0284,2023-08-06,telefono,8,si,no,integraciones,pasarela_pago,,
T0110,U0380,2023-05-06,telefono,6,si,no,reportes,balance_general,3,
T0111,U0341,2023-02-14,telefono,13,si,no,pagos,disputa,4,
T0112,U0262,2024-02-26,telefono,11,si,no,facturacion,errores_dian,4,
T0113,U1769,2023-01-25,telefono,27,no,no,cuenta,suspension_cuenta,1,
T0114,U1483,2023-08-25,telefono,12,si,no,facturacion,errores_dian,,
T0115,U1990,2023-12-22,telefono,9,no,si,cuenta,suspension_cuenta,,requiere_equipo_tecnico
T0116,U1486,2023-06-25,telefono,8,no,no,facturacion,factura_electronica_avanzada,4,
T0117,U1911,2023-06-19,telefono,8,no,no,configuracion,datos_empresa,2,
T0118,U1207,2023-09-06,telefono,20,si,no,configuracion,datos_empresa,4,
T0119,U0493,2023-09-10,telefono,11,si,no,facturacion,errores_dian,3,
T0120,U0524,2023-07-15,telefono,50,si,no,pagos,fallo_cobro,4,
T0121,U0839,2023-02-02,telefono,7,si,no,reportes,exportar_excel,5,
T0122,U0695,2023-11-02,telefono,9,no,si,cuenta,reactivacion,2,requiere_legales
T0123,U1258,2023-11-13,telefono,8,si,no,pagos,disputa,3,
T0124,U1353,2024-01-05,telefono,24,si,no,facturacion,factura_electronica_avanzada,3,
T0125,U1128,2023-04-09,telefono,27,no,no,integraciones,api_externa,1,
T0126,U1917,2023-11-20,telefono,47,si,no,cuenta,cambio_plan,,
T0127,U1117,2023-07-10,telefono,27,si,no,facturacion,emision_factura,4,
T0128,U0740,2023-08-30,telefono,32,no,si,facturacion,descarga_xml,,requiere_legales
T0129,U0212,2023-01-18,telefono,23,si,no,pagos,fallo_cobro,3,
T0130,U1887,2023-12-27,telefono,27,si,no,configuracion,plan_cuentas,,
T0131,U1276,2024-02-29,telefono,34,si,no,facturacion,descarga_xml,5,
T0132,U0787,2023-03-01,telefono,32,no,no,reportes,estado_resultados,3,
T0133,U0671,2023-06-11,telefono,8,no,no,reportes,exportar_excel,3,
T0134,U0486,2024-01-26,telefono,42,si,no,configuracion,plan_cuentas,4,
T0135,U0849,2024-01-30,telefono,18,si,no,configuracion,datos_empresa,5,
T0136,U1095,2023-04-30,telefono,17,no,si,configuracion,datos_empresa,3,requiere_equipo_tecnico
T0137,U1176,2024-01-15,telefono,44,si,no,configuracion,integracion_banco,3,
T0138,U1093,2023-11-13,telefono,43,no,si,facturacion,descarga_xml,,requiere_equipo_tecnico
T0139,U0214,2023-03-01,telefono,20,no,si,pagos,disputa,4,requiere_equipo_pagos
T0140,U1641,2023-10-04,telefono,35,si,no,pagos,disputa,5,
T0141,U1736,2023-10-24,telefono,15,si,no,facturacion,factura_electronica_avanzada,3,
T0142,U0924,2023-08-30,telefono,14,no,si,facturacion,emision_factura,1,requiere_equipo_tecnico
T0143,U1298,2023-06-19,telefono,6,si,no,pagos,actualizacion_tarjeta,5,
T0144,U0809,2023-01-02,telefono,26,no,si,configuracion,datos_empresa,2,requiere_onboarding_especializado
T0145,U1504,2023-03-22,telefono,37,si,no,pagos,actualizacion_tarjeta,3,
T0146,U1145,2023-05-15,telefono,6,si,no,facturacion,emision_factura,,
T0147,U0550,2024-02-25,telefono,12,si,no,integraciones,banco,4,
T0148,U0280,2023-04-08,telefono,36,si,no,configuracion,plan_cuentas,3,
T0149,U0031,2023-06-18,telefono,19,no,no,facturacion,factura_electronica_avanzada,2,
T0150,U1737,2023-09-27,telefono,32,si,no,facturacion,factura_electronica_avanzada,4,
T0151,U0651,2023-01-24,telefono,15,si,no,configuracion,onboarding_general,3,
T0152,U0247,2023-06-26,telefono,29,si,no,facturacion,descarga_xml,3,
T0153,U1509,2023-12-29,telefono,6,si,no,facturacion,factura_electronica_avanzada,3,
T0154,U0306,2023-08-12,telefono,39,si,no,facturacion,errores_sat,,
T0155,U1616,2023-02-25,telefono,25,no,si,cuenta,suspension_cuenta,4,requiere_legales
T0156,U1404,2023-08-30,telefono,41,si,no,pagos,actualizacion_tarjeta,5,
T0157,U1496,2024-01-23,telefono,37,si,no,integraciones,api_externa,3,
T0158,U1653,2023-01-14,telefono,32,no,si,configuracion,integracion_banco,3,requiere_equipo_tecnico
T0159,U1745,2023-12-04,telefono,18,si,no,configuracion,datos_empresa,3,
T0160,U1297,2023-10-13,telefono,10,no,si,facturacion,errores_sat,3,requiere_equipo_pagos
T0161,U1857,2023-11-13,telefono,8,si,no,facturacion,descarga_xml,4,
T0162,U0992,2023-07-29,telefono,28,si,no,reportes,estado_resultados,4,
T0163,U0045,2023-08-04,telefono,9,si,no,configuracion,plan_cuentas,4,
T0164,U0114,2023-08-19,telefono,27,si,no,reportes,balance_general,5,
T0165,U1097,2023-03-23,telefono,31,si,no,facturacion,factura_electronica_avanzada,3,
T0166,U1355,2023-05-20,telefono,24,si,no,facturacion,factura_electronica_avanzada,5,
T0167,U1743,2023-06-10,telefono,42,si,no,facturacion,factura_electronica_avanzada,4,
T0168,U1001,2023-06-10,telefono,32,no,si,configuracion,datos_empresa,2,
T0169,U0141,2023-10-03,telefono,32,no,no,facturacion,descarga_xml,2,
T0170,U1403,2023-07-21,telefono,26,no,no,facturacion,emision_factura,2,
T0171,U1664,2023-11-01,telefono,42,si,no,integraciones,pasarela_pago,,
T0172,U1172,2023-08-16,telefono,31,si,no,integraciones,pasarela_pago,3,
T0173,U1096,2023-09-11,telefono,35,si,no,configuracion,datos_empresa,,
T0174,U1462,2023-11-16,telefono,39,no,no,configuracion,datos_empresa,1,
T0175,U1546,2023-09-10,telefono,11,si,no,facturacion,descarga_xml,,
T0176,U1775,2023-08-22,telefono,12,si,no,configuracion,onboarding_general,4,
T0177,U1774,2023-08-12,telefono,27,no,si,facturacion,errores_dian,2,
T0178,U0172,2023-11-27,telefono,8,si,no,configuracion,integracion_banco,3,
T0179,U0744,2023-08-01,telefono,36,no,no,facturacion,errores_sat,3,
T0180,U1493,2023-08-17,telefono,32,si,no,configuracion,onboarding_general,4,
T0181,U1776,2024-01-16,telefono,47,si,no,integraciones,banco,5,
T0182,U0171,2023-05-07,telefono,42,no,si,facturacion,factura_electronica_avanzada,1,
T0183,U0328,2023-10-23,telefono,33,si,no,pagos,fallo_cobro,3,
T0184,U1953,2023-02-13,telefono,46,si,no,cuenta,suspension_cuenta,5,
T0185,U0387,2023-07-28,telefono,31,no,si,configuracion,onboarding_general,2,requiere_equipo_tecnico
T0186,U0874,2023-09-01,telefono,35,si,no,reportes,estado_resultados,4,
T0187,U0235,2023-10-21,telefono,26,no,si,reportes,flujo_caja,3,requiere_legales
T0188,U1407,2023-07-25,telefono,7,si,no,cuenta,suspension_cuenta,,
T0189,U1024,2023-02-26,telefono,36,si,no,cuenta,cambio_plan,4,
T0190,U0380,2023-11-27,telefono,40,si,no,configuracion,plan_cuentas,4,
T0191,U1850,2023-01-06,telefono,24,si,no,cuenta,reactivacion,3,
T0192,U0962,2023-03-01,telefono,15,si,no,configuracion,datos_empresa,4,
T0193,U1100,2023-01-23,telefono,29,no,no,facturacion,factura_electronica_avanzada,4,
T0194,U0803,2023-12-22,telefono,35,no,no,cuenta,cambio_plan,2,
T0195,U1129,2023-09-03,telefono,49,no,si,facturacion,factura_electronica_avanzada,3,
T0196,U1560,2023-11-28,telefono,50,si,no,facturacion,descarga_xml,4,
T0197,U1816,2024-01-30,telefono,12,si,no,reportes,balance_general,3,
T0198,U0822,2023-08-20,telefono,7,no,si,pagos,disputa,2,requiere_onboarding_especializado
T0199,U1005,2023-05-03,telefono,37,no,si,reportes,balance_general,4,
T0200,U0763,2023-01-19,telefono,40,si,no,configuracion,integracion_banco,3,
T0201,U0704,2023-05-25,telefono,29,si,no,reportes,exportar_excel,,
T0202,U0230,2023-09-01,telefono,27,no,si,facturacion,emision_factura,1,requiere_onboarding_especializado
T0203,U0051,2023-05-30,telefono,42,si,no,configuracion,datos_empresa,,
T0204,U1961,2023-08-30,telefono,36,si,no,pagos,disputa,4,
T0205,U1965,2023-09-24,telefono,36,si,no,facturacion,factura_electronica_avanzada,3,
T0206,U0345,2023-11-01,telefono,12,no,si,reportes,balance_general,1,requiere_legales
T0207,U0570,2023-12-01,telefono,7,si,no,reportes,estado_resultados,3,
T0208,U1099,2024-01-08,telefono,45,si,no,facturacion,errores_sat,5,
T0209,U0085,2024-01-08,telefono,45,no,si,configuracion,plan_cuentas,3,requiere_equipo_tecnico
T0210,U0586,2024-02-24,telefono,35,si,no,facturacion,descarga_xml,4,
T0211,U0306,2023-09-14,telefono,20,si,no,facturacion,errores_sat,3,
T0212,U0091,2024-01-31,telefono,48,si,no,facturacion,errores_sat,5,
T0213,U0769,2023-02-21,telefono,36,si,no,cuenta,reactivacion,5,
T0214,U1397,2023-05-20,telefono,47,no,si,facturacion,factura_electronica_avanzada,1,
T0215,U1540,2023-02-12,telefono,50,no,si,cuenta,reactivacion,2,requiere_equipo_tecnico
T0216,U1228,2023-08-12,telefono,19,si,no,integraciones,api_externa,,
T0217,U1426,2023-09-18,telefono,19,si,no,pagos,fallo_cobro,5,
T0218,U0537,2023-11-13,telefono,40,si,no,facturacion,factura_electronica_avanzada,3,
T0219,U0835,2023-08-15,telefono,33,si,no,pagos,actualizacion_tarjeta,4,
T0220,U1578,2024-01-12,telefono,43,si,no,facturacion,errores_dian,3,
T0221,U1230,2023-11-27,telefono,34,no,si,configuracion,plan_cuentas,2,requiere_equipo_tecnico
T0222,U1997,2024-02-15,telefono,21,no,no,integraciones,api_externa,4,
T0223,U1740,2024-02-25,telefono,19,si,no,configuracion,plan_cuentas,5,
T0224,U1846,2023-02-09,telefono,11,no,si,configuracion,datos_empresa,2,requiere_legales
T0225,U0517,2023-06-27,telefono,29,si,no,integraciones,api_externa,4,
T0226,U0072,2023-07-01,telefono,35,si,no,cuenta,suspension_cuenta,4,
T0227,U0178,2023-11-30,telefono,39,si,no,facturacion,errores_sat,3,
T0228,U0342,2024-01-31,telefono,45,si,no,configuracion,datos_empresa,3,
T0229,U1562,2023-10-10,telefono,24,si,no,pagos,disputa,5,
T0230,U0534,2023-02-12,telefono,9,no,si,pagos,fallo_cobro,1,requiere_equipo_tecnico
T0231,U0271,2023-01-17,telefono,10,no,si,cuenta,cambio_plan,2,requiere_legales
T0232,U1587,2023-01-21,telefono,30,si,no,integraciones,pasarela_pago,5,
T0233,U0848,2023-08-04,telefono,19,si,no,reportes,flujo_caja,4,
T0234,U1106,2023-07-28,telefono,19,no,si,reportes,flujo_caja,3,
T0235,U1940,2023-02-20,telefono,41,si,no,reportes,exportar_excel,5,
T0236,U0166,2023-02-14,telefono,6,si,no,cuenta,reactivacion,5,
T0237,U1078,2023-04-08,telefono,25,si,no,reportes,estado_resultados,4,
T0238,U0264,2023-11-13,telefono,29,si,no,pagos,disputa,4,
T0239,U1408,2023-12-05,telefono,13,si,no,cuenta,suspension_cuenta,5,
T0240,U0027,2023-07-22,telefono,25,no,no,facturacion,descarga_xml,1,
T0241,U1355,2023-10-13,telefono,29,si,no,cuenta,suspension_cuenta,3,
T0242,U1534,2023-07-17,telefono,23,no,si,pagos,actualizacion_tarjeta,3,requiere_equipo_tecnico
T0243,U0393,2023-11-15,telefono,31,no,si,integraciones,pasarela_pago,2,requiere_equipo_pagos
T0244,U0107,2023-09-27,telefono,5,si,no,configuracion,plan_cuentas,3,
T0245,U0083,2024-01-16,telefono,5,no,si,cuenta,reactivacion,2,requiere_equipo_pagos
T0246,U0413,2023-12-22,telefono,22,si,no,facturacion,emision_factura,4,
T0247,U1061,2023-09-28,telefono,46,si,no,facturacion,errores_sat,5,
T0248,U0637,2024-01-12,telefono,22,si,no,cuenta,suspension_cuenta,3,
T0249,U0256,2023-08-09,telefono,7,no,no,cuenta,reactivacion,2,
T0250,U1723,2023-10-14,telefono,44,si,no,facturacion,factura_electronica_avanzada,,
T0251,U1734,2024-01-18,telefono,45,si,no,facturacion,errores_dian,,
T0252,U0850,2023-01-25,telefono,43,si,no,reportes,flujo_caja,,
T0253,U1922,2023-12-12,telefono,45,si,no,facturacion,descarga_xml,5,
T0254,U0938,2023-12-11,telefono,30,no,si,pagos,fallo_cobro,,requiere_onboarding_especializado
T0255,U0685,2023-04-13,telefono,9,si,no,cuenta,cambio_plan,5,
T0256,U0276,2023-04-20,telefono,29,si,no,pagos,fallo_cobro,,
T0257,U1821,2023-09-04,telefono,49,si,no,integraciones,banco,4,
T0258,U1662,2023-03-20,telefono,17,si,no,facturacion,descarga_xml,,
T0259,U1357,2023-05-20,telefono,24,no,si,reportes,balance_general,4,requiere_onboarding_especializado
T0260,U1530,2023-10-25,telefono,18,no,no,cuenta,reactivacion,1,
T0261,U1050,2023-08-31,telefono,50,si,no,pagos,actualizacion_tarjeta,3,
T0262,U0312,2023-12-03,telefono,25,si,no,reportes,estado_resultados,4,
T0263,U0244,2023-08-16,telefono,7,si,no,facturacion,factura_electronica_avanzada,5,
T0264,U0209,2023-01-04,telefono,14,si,no,pagos,disputa,,
T0265,U1378,2023-04-17,telefono,19,si,no,cuenta,reactivacion,5,
T0266,U0439,2023-05-21,telefono,14,si,no,facturacion,errores_dian,,
T0267,U0619,2023-02-08,telefono,6,si,no,integraciones,banco,3,
T0268,U0744,2023-07-15,telefono,29,no,si,configuracion,datos_empresa,,requiere_equipo_tecnico
T0269,U0732,2023-03-05,telefono,36,si,no,configuracion,datos_empresa,3,
T0270,U0481,2023-11-12,telefono,39,no,si,cuenta,cambio_plan,1,requiere_equipo_pagos
T0271,U0892,2023-11-06,telefono,31,si,no,configuracion,datos_empresa,3,
T0272,U0804,2023-12-07,telefono,40,si,no,pagos,actualizacion_tarjeta,3,
T0273,U0211,2023-08-17,telefono,32,no,si,pagos,fallo_cobro,2,requiere_legales
T0274,U1887,2023-11-25,telefono,40,si,no,integraciones,api_externa,4,
T0275,U1608,2023-08-08,telefono,41,si,no,configuracion,datos_empresa,3,
T0276,U0328,2023-08-31,telefono,34,si,no,configuracion,onboarding_general,5,
T0277,U0681,2024-01-01,telefono,23,no,si,facturacion,errores_dian,4,requiere_equipo_tecnico
T0278,U0084,2023-01-25,telefono,11,si,no,integraciones,pasarela_pago,3,
T0279,U1844,2023-03-23,telefono,48,si,no,facturacion,errores_sat,5,
T0280,U1797,2024-01-21,telefono,7,no,si,configuracion,onboarding_general,,requiere_legales
T0281,U1304,2023-02-01,telefono,26,no,si,facturacion,descarga_xml,4,requiere_equipo_tecnico
T0282,U1818,2023-01-23,telefono,8,si,no,pagos,fallo_cobro,3,
T0283,U0412,2023-01-25,telefono,36,si,no,pagos,disputa,3,
T0284,U0267,2023-02-15,telefono,28,no,no,reportes,exportar_excel,1,
T0285,U1254,2023-06-23,telefono,28,si,no,cuenta,reactivacion,3,
T0286,U1142,2023-03-05,telefono,8,si,no,facturacion,factura_electronica_avanzada,4,
T0287,U1528,2023-10-06,telefono,8,si,no,configuracion,integracion_banco,4,
T0288,U0887,2023-03-13,telefono,45,no,si,facturacion,descarga_xml,,requiere_onboarding_especializado
T0289,U0175,2023-03-09,telefono,30,si,no,cuenta,reactivacion,3,
T0290,U0559,2023-03-26,telefono,46,si,no,configuracion,onboarding_general,3,
T0291,U0922,2023-08-13,telefono,38,si,no,facturacion,emision_factura,3,
T0292,U0699,2023-05-19,telefono,27,si,no,integraciones,banco,4,
T0293,U0817,2023-05-03,telefono,47,si,no,cuenta,suspension_cuenta,3,
T0294,U0664,2024-03-01,telefono,24,no,si,cuenta,cambio_plan,2,requiere_legales
T0295,U0317,2023-01-03,telefono,18,si,no,configuracion,plan_cuentas,5,
T0296,U1291,2023-09-13,telefono,7,si,no,configuracion,integracion_banco,4,
T0297,U0089,2023-05-04,telefono,10,si,no,integraciones,api_externa,,
T0298,U1464,2023-11-07,telefono,5,si,no,configuracion,integracion_banco,,
T0299,U0687,2023-10-30,telefono,20,no,si,facturacion,errores_sat,3,
T0300,U0139,2023-12-01,telefono,46,si,no,configuracion,datos_empresa,3,
T0301,U0899,2023-11-09,telefono,49,si,no,facturacion,errores_sat,3,
T0302,U0689,2023-06-20,telefono,33,no,si,facturacion,errores_dian,3,requiere_equipo_pagos
T0303,U1068,2023-11-21,telefono,44,si,no,facturacion,errores_sat,,
T0304,U1322,2023-02-15,telefono,50,no,si,facturacion,descarga_xml,,requiere_equipo_tecnico
T0305,U0509,2023-07-13,telefono,17,si,no,pagos,fallo_cobro,,
T0306,U1364,2023-04-23,telefono,17,si,no,pagos,actualizacion_tarjeta,4,
T0307,U0767,2024-02-06,telefono,37,si,no,configuracion,onboarding_general,4,
T0308,U1620,2023-06-18,telefono,15,si,no,configuracion,datos_empresa,4,
T0309,U1254,2023-02-25,telefono,28,si,no,configuracion,datos_empresa,5,
T0310,U1694,2023-10-28,telefono,21,si,no,configuracion,datos_empresa,,
T0311,U1503,2023-10-05,telefono,11,si,no,configuracion,datos_empresa,,
T0312,U1426,2023-11-12,telefono,38,no,si,facturacion,factura_electronica_avanzada,,requiere_legales
T0313,U0106,2023-07-29,telefono,36,si,no,configuracion,onboarding_general,3,
T0314,U1651,2023-01-10,telefono,48,si,no,facturacion,emision_factura,5,
T0315,U0924,2023-11-14,telefono,33,no,si,configuracion,integracion_banco,1,
T0316,U0839,2023-12-06,telefono,6,si,no,configuracion,datos_empresa,3,
T0317,U0844,2023-03-10,telefono,26,si,no,integraciones,banco,3,
T0318,U0137,2023-08-05,telefono,13,si,no,integraciones,banco,4,
T0319,U1612,2024-02-16,telefono,22,si,no,facturacion,factura_electronica_avanzada,5,
T0320,U0588,2023-07-16,telefono,42,si,no,configuracion,datos_empresa,3,
T0321,U1081,2023-02-07,telefono,43,si,no,pagos,fallo_cobro,5,
T0322,U1503,2023-07-12,telefono,19,no,si,cuenta,suspension_cuenta,2,requiere_legales
T0323,U1956,2024-02-21,telefono,13,si,no,configuracion,onboarding_general,,
T0324,U0224,2023-04-03,telefono,44,si,no,cuenta,cambio_plan,5,
T0325,U1031,2023-05-30,telefono,9,si,no,facturacion,descarga_xml,5,
T0326,U1898,2023-03-28,telefono,29,si,no,pagos,fallo_cobro,3,
T0327,U1409,2023-06-04,telefono,42,si,no,facturacion,factura_electronica_avanzada,3,
T0328,U0328,2023-11-16,telefono,26,no,si,facturacion,factura_electronica_avanzada,2,requiere_onboarding_especializado
T0329,U0336,2023-03-10,telefono,15,no,no,cuenta,reactivacion,2,
T0330,U0163,2023-02-10,telefono,28,no,si,pagos,disputa,4,requiere_equipo_pagos
T0331,U0528,2023-11-16,telefono,45,si,no,pagos,disputa,5,
T0332,U0467,2023-02-10,telefono,50,no,no,integraciones,api_externa,2,
T0333,U1786,2024-02-11,telefono,24,si,no,pagos,disputa,4,
T0334,U1320,2023-02-09,telefono,13,no,si,reportes,flujo_caja,3,requiere_equipo_pagos
T0335,U0898,2023-05-30,telefono,41,no,no,cuenta,reactivacion,4,
T0336,U0366,2023-08-15,telefono,18,si,no,facturacion,errores_sat,3,
T0337,U0208,2023-09-30,telefono,40,no,no,pagos,disputa,,
T0338,U1169,2023-03-17,telefono,22,si,no,facturacion,errores_sat,5,
T0339,U0180,2024-02-02,telefono,31,si,no,facturacion,descarga_xml,3,
T0340,U1876,2023-09-23,telefono,11,no,si,configuracion,datos_empresa,4,requiere_equipo_pagos
T0341,U1032,2024-03-01,telefono,40,no,no,configuracion,onboarding_general,1,
T0342,U0872,2023-07-05,telefono,28,si,no,cuenta,suspension_cuenta,3,
T0343,U0892,2023-12-16,telefono,36,si,no,facturacion,errores_sat,4,
T0344,U0480,2023-12-12,telefono,44,no,si,facturacion,errores_sat,1,requiere_legales
T0345,U0193,2023-02-07,telefono,39,si,no,reportes,exportar_excel,5,
T0346,U1336,2023-03-01,telefono,37,si,no,facturacion,errores_sat,3,
T0347,U1801,2023-06-01,telefono,48,no,si,facturacion,factura_electronica_avanzada,3,
T0348,U1280,2023-08-28,telefono,30,si,no,configuracion,integracion_banco,,
T0349,U0763,2023-08-26,telefono,7,no,no,facturacion,factura_electronica_avanzada,,
T0350,U1728,2024-02-13,telefono,35,si,no,reportes,flujo_caja,4,
T0351,U1369,2024-02-15,telefono,35,no,si,cuenta,reactivacion,4,requiere_equipo_pagos
T0352,U0391,2023-05-16,telefono,9,si,no,reportes,exportar_excel,3,
T0353,U1996,2023-09-12,telefono,48,no,si,integraciones,pasarela_pago,2,requiere_equipo_tecnico
T0354,U1633,2023-09-06,telefono,15,si,no,integraciones,pasarela_pago,3,
T0355,U0392,2023-06-26,telefono,44,si,no,facturacion,emision_factura,5,
T0356,U1358,2023-01-24,telefono,6,si,no,cuenta,suspension_cuenta,3,
T0357,U1208,2023-09-27,telefono,16,no,si,reportes,flujo_caja,1,requiere_equipo_pagos
T0358,U0199,2023-01-01,telefono,17,no,si,facturacion,descarga_xml,,
T0359,U0189,2023-03-27,telefono,8,no,no,configuracion,plan_cuentas,4,
T0360,U1248,2023-07-12,telefono,19,si,no,configuracion,plan_cuentas,4,
T0361,U1765,2023-07-20,telefono,39,no,si,configuracion,plan_cuentas,,requiere_legales
T0362,U0478,2023-07-20,telefono,17,no,si,cuenta,reactivacion,4,requiere_equipo_pagos
T0363,U1062,2023-02-05,telefono,26,si,no,reportes,balance_general,5,
T0364,U1014,2023-10-04,telefono,19,si,no,configuracion,plan_cuentas,,
T0365,U1419,2024-01-01,telefono,24,si,no,cuenta,reactivacion,4,
T0366,U1828,2023-04-24,telefono,9,si,no,facturacion,errores_sat,4,
T0367,U1956,2023-10-14,telefono,43,no,si,cuenta,reactivacion,3,requiere_equipo_pagos
T0368,U0560,2023-09-25,telefono,43,no,no,configuracion,plan_cuentas,1,
T0369,U0707,2023-04-14,telefono,43,no,si,facturacion,errores_dian,,requiere_onboarding_especializado
T0370,U1130,2023-11-28,telefono,31,no,si,cuenta,reactivacion,2,requiere_equipo_tecnico
T0371,U0739,2023-05-12,telefono,26,no,no,reportes,estado_resultados,,
T0372,U1749,2023-03-12,telefono,17,si,no,reportes,balance_general,3,
T0373,U1985,2024-01-17,telefono,42,si,no,integraciones,banco,5,
T0374,U0075,2023-02-24,telefono,8,si,no,cuenta,suspension_cuenta,5,
T0375,U0633,2023-12-06,telefono,13,si,no,integraciones,banco,5,
T0376,U0249,2023-08-15,telefono,35,no,no,integraciones,banco,2,
T0377,U0415,2023-03-13,telefono,23,si,no,pagos,fallo_cobro,3,
T0378,U0874,2023-12-25,telefono,50,si,no,integraciones,banco,4,
T0379,U0151,2024-01-21,telefono,31,si,no,integraciones,api_externa,5,
T0380,U1142,2024-01-28,telefono,33,si,no,facturacion,descarga_xml,4,
T0381,U0798,2023-08-14,telefono,43,si,no,facturacion,descarga_xml,,
T0382,U1569,2024-01-12,telefono,36,no,no,integraciones,pasarela_pago,2,
T0383,U1609,2023-01-15,telefono,50,no,si,reportes,exportar_excel,4,
T0384,U1024,2023-05-07,telefono,24,si,no,configuracion,integracion_banco,3,
T0385,U0749,2023-09-20,telefono,34,si,no,facturacion,errores_sat,4,
T0386,U1254,2023-04-03,telefono,25,si,no,configuracion,onboarding_general,4,
T0387,U1878,2023-05-29,telefono,24,no,no,facturacion,factura_electronica_avanzada,1,
T0388,U0766,2023-07-17,telefono,9,si,no,reportes,estado_resultados,3,
T0389,U1485,2023-03-16,telefono,44,no,si,cuenta,suspension_cuenta,3,requiere_legales
T0390,U1997,2023-06-02,telefono,7,no,no,pagos,fallo_cobro,1,
T0391,U1279,2023-11-15,telefono,43,si,no,pagos,actualizacion_tarjeta,5,
T0392,U1108,2024-02-13,telefono,21,si,no,configuracion,plan_cuentas,4,
T0393,U0218,2023-02-07,telefono,27,no,no,configuracion,datos_empresa,4,
T0394,U1962,2023-04-15,telefono,32,si,no,cuenta,suspension_cuenta,,
T0395,U0117,2024-02-14,telefono,30,no,si,pagos,fallo_cobro,4,
T0396,U0196,2023-11-25,telefono,50,no,si,pagos,disputa,1,requiere_equipo_pagos
T0397,U0435,2023-01-14,telefono,35,si,no,configuracion,datos_empresa,5,
T0398,U0938,2023-02-26,telefono,42,si,no,cuenta,reactivacion,5,
T0399,U0138,2023-07-14,telefono,16,si,no,reportes,exportar_excel,3,
T0400,U1118,2023-03-30,telefono,31,si,no,configuracion,integracion_banco,,
T0401,U0441,2023-03-24,telefono,12,no,no,facturacion,errores_sat,1,
T0402,U0253,2024-01-31,telefono,44,no,si,cuenta,cambio_plan,4,requiere_legales
T0403,U0449,2023-02-25,telefono,32,si,no,pagos,disputa,,
T0404,U1718,2023-05-13,telefono,14,no,si,pagos,actualizacion_tarjeta,,requiere_onboarding_especializado
T0405,U1110,2023-06-28,telefono,46,si,no,facturacion,emision_factura,3,
T0406,U1050,2024-02-23,telefono,35,no,si,facturacion,errores_dian,4,requiere_onboarding_especializado
T0407,U1078,2023-11-28,telefono,43,no,no,cuenta,reactivacion,1,
T0408,U0298,2023-12-18,telefono,27,si,no,facturacion,factura_electronica_avanzada,5,
T0409,U1211,2023-09-09,telefono,47,si,no,configuracion,integracion_banco,4,
T0410,U0648,2023-02-04,telefono,10,no,no,pagos,fallo_cobro,1,
T0411,U0136,2024-01-06,telefono,13,si,no,facturacion,descarga_xml,4,
T0412,U1867,2023-06-29,telefono,17,si,no,pagos,disputa,3,
T0413,U0877,2024-01-02,telefono,45,si,no,facturacion,errores_sat,4,
T0414,U1669,2023-06-07,telefono,15,no,si,configuracion,plan_cuentas,,requiere_equipo_tecnico
T0415,U1680,2023-04-14,telefono,26,si,no,reportes,exportar_excel,3,
T0416,U1896,2023-08-23,telefono,9,no,si,configuracion,integracion_banco,4,requiere_legales
T0417,U1083,2024-01-01,telefono,49,si,no,integraciones,api_externa,3,
T0418,U0242,2023-04-28,telefono,10,no,si,configuracion,datos_empresa,2,requiere_legales
T0419,U0294,2023-11-12,telefono,24,si,no,facturacion,errores_dian,,
T0420,U1213,2023-01-27,telefono,9,si,no,pagos,fallo_cobro,4,
T0421,U0120,2023-08-08,telefono,45,si,no,integraciones,pasarela_pago,4,
T0422,U1969,2023-04-15,telefono,46,si,no,facturacion,errores_sat,4,
T0423,U0465,2023-09-01,telefono,25,si,no,cuenta,cambio_plan,4,
T0424,U1956,2023-04-05,telefono,31,si,no,facturacion,factura_electronica_avanzada,4,
T0425,U1934,2023-12-26,telefono,16,si,no,facturacion,factura_electronica_avanzada,3,
T0426,U1668,2023-06-21,telefono,43,no,no,configuracion,integracion_banco,1,
T0427,U0438,2024-01-20,telefono,6,si,no,pagos,fallo_cobro,5,
T0428,U0627,2023-01-22,telefono,6,si,no,cuenta,suspension_cuenta,4,
T0429,U1015,2023-11-09,telefono,25,si,no,configuracion,datos_empresa,5,
T0430,U1438,2023-05-20,telefono,11,si,no,cuenta,cambio_plan,4,
T0431,U0035,2023-08-21,telefono,26,si,no,configuracion,onboarding_general,5,
T0432,U0508,2024-02-02,telefono,41,si,no,configuracion,datos_empresa,5,
T0433,U0341,2023-05-22,telefono,50,no,si,pagos,actualizacion_tarjeta,3,requiere_onboarding_especializado
T0434,U0163,2023-10-30,telefono,9,no,si,facturacion,errores_sat,2,requiere_onboarding_especializado
T0435,U1862,2023-12-31,telefono,32,si,no,integraciones,banco,4,
T0436,U0620,2023-04-28,telefono,22,no,si,facturacion,descarga_xml,1,
T0437,U1388,2024-01-13,telefono,7,si,no,pagos,actualizacion_tarjeta,4,
T0438,U1331,2023-10-13,telefono,29,si,no,configuracion,plan_cuentas,5,
T0439,U1689,2023-03-01,telefono,49,si,no,integraciones,pasarela_pago,4,
T0440,U1538,2023-07-05,telefono,35,si,no,facturacion,errores_sat,5,
T0441,U0878,2023-09-06,telefono,5,si,no,facturacion,descarga_xml,3,
T0442,U1157,2023-06-01,telefono,47,si,no,cuenta,suspension_cuenta,,
T0443,U0108,2023-09-17,telefono,31,si,no,pagos,disputa,3,
T0444,U1435,2023-06-17,telefono,45,si,no,configuracion,integracion_banco,3,
T0445,U1893,2023-02-12,telefono,43,si,no,facturacion,emision_factura,3,
T0446,U1344,2023-10-26,telefono,26,si,no,configuracion,plan_cuentas,5,
T0447,U0245,2023-03-26,telefono,32,si,no,integraciones,pasarela_pago,3,
T0448,U1830,2023-06-17,telefono,30,si,no,pagos,fallo_cobro,,
T0449,U0312,2023-09-21,telefono,40,si,no,configuracion,datos_empresa,3,
T0450,U1304,2023-03-09,telefono,6,si,no,facturacion,descarga_xml,3,
T0451,U0687,2023-07-09,telefono,21,no,si,cuenta,reactivacion,1,requiere_equipo_pagos
T0452,U1830,2023-01-27,telefono,24,no,no,reportes,flujo_caja,4,
T0453,U0885,2023-09-17,telefono,37,si,no,cuenta,cambio_plan,3,
T0454,U0517,2023-11-16,telefono,49,si,no,configuracion,onboarding_general,5,
T0455,U1986,2024-01-14,telefono,37,no,si,pagos,actualizacion_tarjeta,3,requiere_equipo_tecnico
T0456,U0996,2023-03-16,telefono,40,si,no,facturacion,errores_sat,3,
T0457,U1144,2023-10-01,telefono,30,no,si,reportes,estado_resultados,3,
T0458,U0704,2024-01-22,telefono,41,no,si,pagos,disputa,4,requiere_equipo_tecnico
T0459,U1755,2023-07-30,telefono,27,no,si,facturacion,emision_factura,3,
T0460,U1433,2023-05-29,telefono,23,no,no,pagos,fallo_cobro,1,
T0461,U1842,2023-10-05,telefono,10,no,si,pagos,disputa,4,requiere_equipo_tecnico
T0462,U1158,2024-01-06,telefono,25,no,si,integraciones,banco,2,requiere_onboarding_especializado
T0463,U1624,2023-02-22,telefono,5,no,no,reportes,estado_resultados,1,
T0464,U0019,2023-11-14,telefono,31,no,si,pagos,fallo_cobro,1,requiere_legales
T0465,U0956,2023-12-17,telefono,25,si,no,facturacion,errores_dian,4,
T0466,U1414,2023-04-07,telefono,41,si,no,reportes,exportar_excel,4,
T0467,U1442,2023-11-12,telefono,9,no,si,configuracion,onboarding_general,1,requiere_equipo_pagos
T0468,U1234,2024-01-07,telefono,40,no,no,configuracion,datos_empresa,3,
T0469,U1747,2023-04-21,telefono,13,si,no,cuenta,reactivacion,3,
T0470,U0697,2024-01-11,telefono,11,si,no,facturacion,errores_sat,3,
T0471,U1664,2023-01-18,telefono,20,si,no,pagos,fallo_cobro,4,
T0472,U1895,2023-09-03,telefono,31,si,no,pagos,disputa,5,
T0473,U1755,2023-08-17,telefono,5,si,no,configuracion,datos_empresa,,
T0474,U1276,2023-12-05,telefono,9,si,no,integraciones,pasarela_pago,5,
T0475,U1015,2023-03-29,telefono,16,si,no,cuenta,reactivacion,,
T0476,U1729,2023-11-20,telefono,33,si,no,facturacion,errores_sat,4,
T0477,U0190,2023-08-13,telefono,9,si,no,facturacion,errores_dian,4,
T0478,U0084,2023-06-21,telefono,39,si,no,facturacion,errores_dian,5,
T0479,U0501,2023-11-17,telefono,36,si,no,configuracion,integracion_banco,3,
T0480,U1144,2023-06-22,telefono,18,si,no,cuenta,cambio_plan,3,
T0481,U1478,2023-04-15,telefono,29,no,si,cuenta,suspension_cuenta,3,requiere_equipo_pagos
T0482,U1990,2023-02-02,telefono,28,si,no,configuracion,datos_empresa,5,
T0483,U1922,2023-01-26,telefono,32,no,no,pagos,fallo_cobro,3,
T0484,U1539,2024-01-06,telefono,30,si,no,configuracion,onboarding_general,,
T0485,U1751,2023-10-13,telefono,16,no,si,pagos,fallo_cobro,,
T0486,U1654,2023-11-21,telefono,14,no,no,cuenta,suspension_cuenta,1,
T0487,U0243,2023-07-08,telefono,27,no,si,reportes,balance_general,4,requiere_equipo_tecnico
T0488,U1609,2023-02-03,telefono,11,si,no,facturacion,factura_electronica_avanzada,5,
T0489,U0888,2024-01-17,telefono,43,no,si,reportes,flujo_caja,1,
T0490,U1270,2023-07-09,telefono,28,si,no,facturacion,errores_sat,5,
T0491,U1103,2023-08-08,telefono,39,si,no,pagos,fallo_cobro,4,
T0492,U0206,2023-03-14,telefono,19,si,no,pagos,actualizacion_tarjeta,4,
T0493,U0618,2023-06-10,telefono,20,si,no,pagos,fallo_cobro,5,
T0494,U0319,2023-03-11,telefono,28,si,no,reportes,exportar_excel,3,
T0495,U1953,2023-04-12,telefono,12,si,no,pagos,fallo_cobro,4,
T0496,U1512,2023-04-09,telefono,39,no,si,pagos,fallo_cobro,,requiere_onboarding_especializado
T0497,U0211,2023-06-25,telefono,21,no,no,configuracion,plan_cuentas,2,
T0498,U1845,2023-11-16,telefono,16,no,no,configuracion,datos_empresa,1,
T0499,U1061,2023-07-17,telefono,15,si,no,integraciones,api_externa,5,
T0500,U0269,2023-11-23,telefono,37,no,si,reportes,estado_resultados,1,requiere_legales